# Blender 5.0.1
# www.blender.org
mtllib scene_1.mtl
o Cube
v 0.000000 1.000000 -7.369144
v 0.000000 -1.000000 -7.369144
v 0.000000 1.000000 2.630856
v 0.000000 -1.000000 2.630856
v -30.000000 1.000000 -7.369144
v -30.000000 -1.000000 -7.369144
v -30.000000 1.000000 2.630856
v -30.000000 -1.000000 2.630856
vn -0.0000 1.0000 -0.0000
vn -0.0000 -0.0000 1.0000
vn -1.0000 -0.0000 -0.0000
vn -0.0000 -1.0000 -0.0000
vn 1.0000 -0.0000 -0.0000
vn -0.0000 -0.0000 -1.0000
vt 0.625000 0.500000
vt 0.875000 0.500000
vt 0.875000 0.750000
vt 0.625000 0.750000
vt 0.375000 0.750000
vt 0.625000 1.000000
vt 0.375000 1.000000
vt 0.375000 0.000000
vt 0.625000 0.000000
vt 0.625000 0.250000
vt 0.375000 0.250000
vt 0.125000 0.500000
vt 0.375000 0.500000
vt 0.125000 0.750000
s 0
usemtl Material
f 1/1/1 5/2/1 7/3/1 3/4/1
f 4/5/2 3/4/2 7/6/2 8/7/2
f 8/8/3 7/9/3 5/10/3 6/11/3
f 6/12/4 2/13/4 4/5/4 8/14/4
f 2/13/5 1/1/5 3/4/5 4/5/5
f 6/11/6 5/10/6 1/1/6 2/13/6
o Sphere_Transparent
v -9.005394 2.453815 0.500000
v -9.005394 3.453815 0.500000
v -9.005394 2.453815 -0.500000
v -9.005394 3.453815 -0.500000
v -8.005394 2.453815 0.500000
v -8.005394 3.453815 0.500000
v -8.005394 2.453815 -0.500000
v -8.005394 3.453815 -0.500000
v -9.040512 2.418698 -0.418850
v -9.078327 2.380883 -0.296650
v -9.105030 2.354180 -0.153401
v -9.114962 2.344248 -0.000000
v -9.105029 2.354180 0.153401
v -9.078327 2.380883 0.296650
v -9.040512 2.418698 0.418850
v -9.040512 2.534966 0.535118
v -9.078327 2.657166 0.572933
v -9.105029 2.800415 0.599636
v -9.114962 2.953815 0.609568
v -9.105030 3.107216 0.599636
v -9.078327 3.250465 0.572933
v -9.040512 3.372665 0.535118
v -9.040512 3.488933 0.418850
v -9.078327 3.526748 0.296650
v -9.105030 3.553451 0.153401
v -9.114962 3.563383 0.000000
v -9.105029 3.553451 -0.153401
v -9.078327 3.526748 -0.296650
v -9.040512 3.488933 -0.418849
v -9.040512 3.372665 -0.535118
v -9.078327 3.250465 -0.572933
v -9.105030 3.107216 -0.599636
v -9.114962 2.953815 -0.609568
v -9.105029 2.800415 -0.599636
v -9.078327 2.657166 -0.572933
v -9.040512 2.534966 -0.535118
v -8.086544 2.418698 -0.535118
v -8.208744 2.380883 -0.572933
v -8.351994 2.354180 -0.599635
v -8.505394 2.344248 -0.609568
v -8.658794 2.354180 -0.599636
v -8.802044 2.380883 -0.572933
v -8.924244 2.418698 -0.535118
v -8.924244 3.488933 -0.535118
v -8.802044 3.526748 -0.572933
v -8.658794 3.553451 -0.599636
v -8.505394 3.563383 -0.609568
v -8.351994 3.553451 -0.599636
v -8.208744 3.526748 -0.572933
v -8.086544 3.488933 -0.535118
v -7.970276 3.372665 -0.535118
v -7.932461 3.250465 -0.572933
v -7.905758 3.107216 -0.599636
v -7.895826 2.953815 -0.609568
v -7.905758 2.800415 -0.599636
v -7.932461 2.657166 -0.572933
v -7.970276 2.534966 -0.535118
v -7.970276 2.418698 0.418850
v -7.932461 2.380883 0.296650
v -7.905758 2.354180 0.153401
v -7.895826 2.344248 0.000000
v -7.905758 2.354180 -0.153401
v -7.932461 2.380883 -0.296650
v -7.970276 2.418698 -0.418850
v -7.970276 3.488933 -0.418850
v -7.932461 3.526748 -0.296650
v -7.905758 3.553451 -0.153401
v -7.895826 3.563383 0.000000
v -7.905758 3.553451 0.153401
v -7.932461 3.526748 0.296650
v -7.970276 3.488933 0.418849
v -7.970276 3.372665 0.535118
v -7.932461 3.250465 0.572933
v -7.905758 3.107216 0.599636
v -7.895826 2.953815 0.609568
v -7.905758 2.800415 0.599636
v -7.932461 2.657166 0.572933
v -7.970276 2.534966 0.535118
v -8.924244 2.418698 0.535118
v -8.802044 2.380883 0.572933
v -8.658794 2.354180 0.599636
v -8.505394 2.344248 0.609568
v -8.351994 2.354180 0.599636
v -8.208744 2.380883 0.572933
v -8.086544 2.418698 0.535118
v -8.086544 3.488933 0.535118
v -8.208744 3.526748 0.572933
v -8.351994 3.553451 0.599636
v -8.505394 3.563383 0.609568
v -8.658794 3.553451 0.599636
v -8.802044 3.526748 0.572933
v -8.924244 3.488933 0.535118
v -9.115855 2.522057 0.431759
v -9.169527 2.650833 0.455302
v -9.203420 2.797724 0.474400
v -9.215343 2.953815 0.481988
v -9.203420 3.109907 0.474400
v -9.169527 3.256798 0.455302
v -9.115855 3.385574 0.431759
v -9.169527 2.498513 0.302983
v -9.234384 2.637658 0.316157
v -9.273836 2.791900 0.328070
v -9.287223 2.953815 0.333140
v -9.273836 3.115731 0.328070
v -9.234384 3.269973 0.316157
v -9.169527 3.409118 0.302983
v -9.203420 2.479415 0.156091
v -9.273836 2.625746 0.161915
v -9.316257 2.786233 0.167582
v -9.330457 2.953815 0.170115
v -9.316257 3.121397 0.167582
v -9.273836 3.281885 0.161915
v -9.203420 3.428216 0.156091
v -9.215343 2.471828 -0.000000
v -9.287223 2.620675 -0.000000
v -9.330457 2.783701 0.000000
v -9.344900 2.953815 0.000000
v -9.330457 3.123930 0.000000
v -9.287223 3.286956 0.000000
v -9.215343 3.435803 0.000000
v -9.203420 2.479415 -0.156091
v -9.273836 2.625746 -0.161915
v -9.316257 2.786233 -0.167582
v -9.330457 2.953815 -0.170115
v -9.316257 3.121397 -0.167582
v -9.273836 3.281885 -0.161915
v -9.203420 3.428216 -0.156091
v -9.169527 2.498513 -0.302983
v -9.234384 2.637658 -0.316157
v -9.273836 2.791900 -0.328070
v -9.287223 2.953815 -0.333140
v -9.273836 3.115731 -0.328070
v -9.234384 3.269973 -0.316157
v -9.169527 3.409118 -0.302983
v -9.115855 2.522057 -0.431759
v -9.169527 2.650833 -0.455302
v -9.203420 2.797724 -0.474400
v -9.215343 2.953815 -0.481988
v -9.203420 3.109907 -0.474400
v -9.169527 3.256798 -0.455302
v -9.115855 3.385574 -0.431759
v -8.937153 2.522057 -0.610461
v -8.960696 2.650833 -0.664133
v -8.979795 2.797724 -0.698026
v -8.987382 2.953815 -0.709949
v -8.979795 3.109907 -0.698026
v -8.960696 3.256798 -0.664133
v -8.937153 3.385574 -0.610461
v -8.808376 2.498513 -0.664133
v -8.821551 2.637658 -0.728990
v -8.833464 2.791900 -0.768442
v -8.838534 2.953815 -0.781829
v -8.833464 3.115731 -0.768442
v -8.821551 3.269973 -0.728990
v -8.808376 3.409118 -0.664133
v -8.661485 2.479415 -0.698026
v -8.667310 2.625746 -0.768442
v -8.672976 2.786233 -0.810862
v -8.675508 2.953815 -0.825063
v -8.672976 3.121397 -0.810862
v -8.667310 3.281885 -0.768442
v -8.661485 3.428216 -0.698026
v -8.505394 2.471828 -0.709949
v -8.505394 2.620675 -0.781829
v -8.505394 2.783701 -0.825063
v -8.505394 2.953815 -0.839506
v -8.505394 3.123930 -0.825063
v -8.505394 3.286956 -0.781829
v -8.505394 3.435803 -0.709949
v -8.349303 2.479415 -0.698026
v -8.343478 2.625746 -0.768442
v -8.337811 2.786233 -0.810862
v -8.335279 2.953815 -0.825063
v -8.337811 3.121397 -0.810862
v -8.343478 3.281885 -0.768442
v -8.349303 3.428216 -0.698026
v -8.202412 2.498513 -0.664133
v -8.189237 2.637658 -0.728990
v -8.177324 2.791900 -0.768442
v -8.172254 2.953815 -0.781829
v -8.177324 3.115731 -0.768442
v -8.189237 3.269973 -0.728990
v -8.202412 3.409118 -0.664133
v -8.073635 2.522057 -0.610461
v -8.050092 2.650833 -0.664133
v -8.030993 2.797724 -0.698026
v -8.023406 2.953815 -0.709949
v -8.030993 3.109907 -0.698026
v -8.050092 3.256798 -0.664133
v -8.073635 3.385574 -0.610461
v -7.894933 2.522057 -0.431759
v -7.841261 2.650833 -0.455302
v -7.807368 2.797724 -0.474400
v -7.795445 2.953815 -0.481988
v -7.807368 3.109907 -0.474400
v -7.841261 3.256798 -0.455302
v -7.894933 3.385574 -0.431759
v -7.841261 2.498513 -0.302983
v -7.776404 2.637658 -0.316157
v -7.736952 2.791900 -0.328070
v -7.723565 2.953815 -0.333140
v -7.736952 3.115731 -0.328070
v -7.776404 3.269973 -0.316157
v -7.841261 3.409118 -0.302983
v -7.807368 2.479415 -0.156091
v -7.736952 2.625746 -0.161915
v -7.694532 2.786233 -0.167582
v -7.680331 2.953815 -0.170115
v -7.694532 3.121397 -0.167582
v -7.736952 3.281885 -0.161915
v -7.807368 3.428216 -0.156091
v -7.795445 2.471828 0.000000
v -7.723565 2.620675 0.000000
v -7.680331 2.783701 0.000000
v -7.665888 2.953815 0.000000
v -7.680331 3.123930 0.000000
v -7.723565 3.286956 -0.000000
v -7.795445 3.435803 -0.000000
v -7.807368 2.479415 0.156091
v -7.736952 2.625746 0.161916
v -7.694532 2.786233 0.167582
v -7.680331 2.953815 0.170115
v -7.694532 3.121397 0.167582
v -7.736952 3.281885 0.161915
v -7.807368 3.428216 0.156091
v -7.841261 2.498513 0.302983
v -7.776404 2.637658 0.316157
v -7.736952 2.791900 0.328070
v -7.723565 2.953815 0.333140
v -7.736952 3.115731 0.328070
v -7.776404 3.269973 0.316157
v -7.841261 3.409118 0.302983
v -7.894933 2.522057 0.431759
v -7.841261 2.650833 0.455302
v -7.807368 2.797724 0.474400
v -7.795445 2.953815 0.481988
v -7.807368 3.109907 0.474400
v -7.841261 3.256798 0.455302
v -7.894933 3.385574 0.431759
v -8.073635 2.522057 0.610461
v -8.050092 2.650833 0.664133
v -8.030993 2.797724 0.698026
v -8.023406 2.953815 0.709949
v -8.030993 3.109907 0.698026
v -8.050092 3.256798 0.664133
v -8.073635 3.385574 0.610461
v -8.202412 2.498513 0.664133
v -8.189237 2.637658 0.728990
v -8.177324 2.791900 0.768442
v -8.172254 2.953815 0.781829
v -8.177324 3.115731 0.768442
v -8.189237 3.269973 0.728990
v -8.202412 3.409118 0.664133
v -8.349303 2.479415 0.698026
v -8.343478 2.625746 0.768442
v -8.337811 2.786233 0.810862
v -8.335279 2.953815 0.825063
v -8.337811 3.121397 0.810862
v -8.343478 3.281885 0.768442
v -8.349303 3.428216 0.698026
v -8.505394 2.471828 0.709949
v -8.505394 2.620675 0.781829
v -8.505394 2.783701 0.825063
v -8.505394 2.953815 0.839506
v -8.505394 3.123930 0.825063
v -8.505394 3.286956 0.781829
v -8.505394 3.435803 0.709949
v -8.661485 2.479415 0.698026
v -8.667310 2.625746 0.768442
v -8.672976 2.786233 0.810862
v -8.675508 2.953815 0.825063
v -8.672976 3.121397 0.810862
v -8.667310 3.281885 0.768442
v -8.661485 3.428216 0.698026
v -8.808376 2.498513 0.664133
v -8.821551 2.637658 0.728990
v -8.833464 2.791900 0.768442
v -8.838534 2.953815 0.781829
v -8.833464 3.115731 0.768442
v -8.821551 3.269973 0.728990
v -8.808376 3.409118 0.664133
v -8.937153 2.522057 0.610461
v -8.960696 2.650833 0.664133
v -8.979795 2.797724 0.698026
v -8.987382 2.953815 0.709949
v -8.979795 3.109907 0.698026
v -8.960696 3.256798 0.664133
v -8.937153 3.385574 0.610461
v -8.937153 2.343354 -0.431759
v -8.808376 2.289683 -0.455302
v -8.661485 2.255790 -0.474400
v -8.505394 2.243866 -0.481988
v -8.349303 2.255790 -0.474400
v -8.202412 2.289682 -0.455302
v -8.073635 2.343354 -0.431759
v -8.960696 2.289683 -0.302983
v -8.821551 2.224825 -0.316157
v -8.667310 2.185373 -0.328070
v -8.505394 2.171987 -0.333140
v -8.343478 2.185373 -0.328070
v -8.189237 2.224825 -0.316157
v -8.050092 2.289683 -0.302983
v -8.979795 2.255790 -0.156091
v -8.833464 2.185373 -0.161915
v -8.672976 2.142953 -0.167582
v -8.505394 2.128753 -0.170115
v -8.337811 2.142953 -0.167582
v -8.177324 2.185373 -0.161915
v -8.030994 2.255790 -0.156091
v -8.987382 2.243866 0.000000
v -8.838534 2.171987 0.000000
v -8.675508 2.128753 0.000000
v -8.505394 2.114309 0.000000
v -8.335279 2.128753 0.000000
v -8.172254 2.171987 -0.000000
v -8.023406 2.243866 0.000000
v -8.979795 2.255790 0.156091
v -8.833464 2.185373 0.161916
v -8.672976 2.142953 0.167582
v -8.505394 2.128753 0.170115
v -8.337811 2.142953 0.167582
v -8.177324 2.185373 0.161915
v -8.030994 2.255790 0.156091
v -8.960696 2.289682 0.302983
v -8.821551 2.224825 0.316157
v -8.667310 2.185373 0.328070
v -8.505394 2.171987 0.333140
v -8.343478 2.185373 0.328070
v -8.189237 2.224826 0.316157
v -8.050092 2.289683 0.302983
v -8.937153 2.343354 0.431759
v -8.808376 2.289682 0.455302
v -8.661485 2.255790 0.474400
v -8.505394 2.243866 0.481988
v -8.349303 2.255790 0.474400
v -8.202412 2.289683 0.455302
v -8.073635 2.343354 0.431759
v -8.073635 3.564276 -0.431759
v -8.202412 3.617948 -0.455302
v -8.349303 3.651841 -0.474400
v -8.505394 3.663764 -0.481988
v -8.661485 3.651841 -0.474400
v -8.808376 3.617949 -0.455302
v -8.937153 3.564276 -0.431759
v -8.050092 3.617948 -0.302983
v -8.189237 3.682805 -0.316157
v -8.343478 3.722258 -0.328070
v -8.505394 3.735644 -0.333140
v -8.667310 3.722258 -0.328070
v -8.821551 3.682806 -0.316157
v -8.960696 3.617948 -0.302983
v -8.030993 3.651841 -0.156091
v -8.177324 3.722258 -0.161915
v -8.337811 3.764678 -0.167582
v -8.505394 3.778878 -0.170115
v -8.672976 3.764678 -0.167582
v -8.833464 3.722258 -0.161915
v -8.979794 3.651841 -0.156091
v -8.023406 3.663764 0.000000
v -8.172254 3.735644 0.000000
v -8.335279 3.778878 0.000000
v -8.505394 3.793322 0.000000
v -8.675508 3.778878 0.000000
v -8.838534 3.735644 -0.000000
v -8.987382 3.663764 0.000000
v -8.030993 3.651841 0.156091
v -8.177324 3.722258 0.161916
v -8.337811 3.764678 0.167582
v -8.505394 3.778878 0.170115
v -8.672976 3.764678 0.167582
v -8.833464 3.722258 0.161916
v -8.979794 3.651841 0.156091
v -8.050092 3.617948 0.302983
v -8.189237 3.682806 0.316157
v -8.343478 3.722258 0.328070
v -8.505394 3.735644 0.333140
v -8.667310 3.722258 0.328070
v -8.821551 3.682805 0.316157
v -8.960696 3.617948 0.302983
v -8.073635 3.564276 0.431759
v -8.202412 3.617949 0.455302
v -8.349303 3.651841 0.474400
v -8.505394 3.663764 0.481988
v -8.661485 3.651841 0.474400
v -8.808376 3.617948 0.455302
v -8.937153 3.564276 0.431759
vn -0.5774 -0.5774 0.5774
vn -0.5773 0.5774 0.5774
vn -0.5774 -0.5774 -0.5773
vn -0.5774 0.5774 -0.5773
vn 0.5774 -0.5774 0.5773
vn 0.5774 0.5774 0.5773
vn 0.5774 -0.5774 -0.5774
vn 0.5773 0.5774 -0.5774
vn -0.6267 -0.6267 -0.4632
vn -0.6685 -0.6685 -0.3259
vn -0.6966 -0.6966 -0.1714
vn -0.7071 -0.7071 -0.0000
vn -0.6966 -0.6966 0.1714
vn -0.6685 -0.6685 0.3259
vn -0.6267 -0.6267 0.4632
vn -0.6267 -0.4632 0.6267
vn -0.6685 -0.3259 0.6685
vn -0.6966 -0.1714 0.6966
vn -0.7071 -0.0000 0.7071
vn -0.6966 0.1714 0.6966
vn -0.6685 0.3259 0.6685
vn -0.6267 0.4632 0.6267
vn -0.6267 0.6267 0.4632
vn -0.6685 0.6685 0.3259
vn -0.6966 0.6966 0.1714
vn -0.7071 0.7071 -0.0000
vn -0.6966 0.6966 -0.1714
vn -0.6685 0.6685 -0.3259
vn -0.6267 0.6267 -0.4632
vn -0.6267 0.4632 -0.6267
vn -0.6685 0.3259 -0.6685
vn -0.6966 0.1714 -0.6966
vn -0.7071 -0.0000 -0.7071
vn -0.6966 -0.1714 -0.6966
vn -0.6685 -0.3259 -0.6685
vn -0.6267 -0.4632 -0.6267
vn 0.4632 -0.6267 -0.6267
vn 0.3259 -0.6685 -0.6685
vn 0.1714 -0.6966 -0.6966
vn -0.0000 -0.7071 -0.7071
vn -0.1714 -0.6966 -0.6966
vn -0.3259 -0.6685 -0.6685
vn -0.4632 -0.6267 -0.6267
vn -0.4632 0.6267 -0.6267
vn -0.3259 0.6685 -0.6685
vn -0.1714 0.6966 -0.6966
vn -0.0000 0.7071 -0.7071
vn 0.1714 0.6966 -0.6966
vn 0.3259 0.6685 -0.6685
vn 0.4632 0.6267 -0.6267
vn 0.6267 0.4632 -0.6267
vn 0.6685 0.3259 -0.6685
vn 0.6966 0.1714 -0.6966
vn 0.7071 -0.0000 -0.7071
vn 0.6966 -0.1714 -0.6966
vn 0.6685 -0.3259 -0.6685
vn 0.6267 -0.4632 -0.6267
vn 0.6267 -0.6267 0.4632
vn 0.6685 -0.6685 0.3259
vn 0.6966 -0.6966 0.1714
vn 0.7071 -0.7071 -0.0000
vn 0.6966 -0.6966 -0.1714
vn 0.6685 -0.6685 -0.3259
vn 0.6267 -0.6267 -0.4632
vn 0.6267 0.6267 -0.4632
vn 0.6685 0.6685 -0.3259
vn 0.6966 0.6966 -0.1714
vn 0.7071 0.7071 -0.0000
vn 0.6966 0.6966 0.1714
vn 0.6685 0.6685 0.3259
vn 0.6267 0.6267 0.4632
vn 0.6267 0.4632 0.6267
vn 0.6685 0.3259 0.6685
vn 0.6966 0.1714 0.6966
vn 0.7071 -0.0000 0.7071
vn 0.6966 -0.1714 0.6966
vn 0.6685 -0.3259 0.6685
vn 0.6267 -0.4632 0.6267
vn -0.4632 -0.6267 0.6267
vn -0.3259 -0.6685 0.6685
vn -0.1714 -0.6966 0.6966
vn -0.0000 -0.7071 0.7071
vn 0.1714 -0.6966 0.6966
vn 0.3259 -0.6685 0.6685
vn 0.4632 -0.6267 0.6267
vn 0.4632 0.6267 0.6267
vn 0.3259 0.6685 0.6685
vn 0.1714 0.6966 0.6966
vn -0.0000 0.7071 0.7071
vn -0.1714 0.6966 0.6966
vn -0.3259 0.6685 0.6685
vn -0.4632 0.6267 0.6267
vn -0.7335 -0.4806 0.4806
vn -0.7956 -0.3309 0.5075
vn -0.8341 -0.1719 0.5242
vn -0.8478 -0.0000 0.5303
vn -0.8341 0.1719 0.5242
vn -0.7956 0.3309 0.5075
vn -0.7335 0.4806 0.4806
vn -0.7956 -0.5075 0.3309
vn -0.8768 -0.3400 0.3400
vn -0.9223 -0.1723 0.3460
vn -0.9374 -0.0000 0.3481
vn -0.9223 0.1723 0.3460
vn -0.8768 0.3400 0.3400
vn -0.7956 0.5075 0.3309
vn -0.8341 -0.5242 0.1719
vn -0.9223 -0.3460 0.1723
vn -0.9699 -0.1721 0.1721
vn -0.9851 -0.0000 0.1719
vn -0.9699 0.1721 0.1721
vn -0.9223 0.3460 0.1723
vn -0.8341 0.5242 0.1719
vn -0.8478 -0.5303 -0.0000
vn -0.9374 -0.3481 -0.0000
vn -0.9851 -0.1719 -0.0000
vn -1.0000 -0.0000 -0.0000
vn -0.9851 0.1719 -0.0000
vn -0.9374 0.3481 -0.0000
vn -0.8478 0.5303 -0.0000
vn -0.8341 -0.5242 -0.1719
vn -0.9223 -0.3460 -0.1723
vn -0.9699 -0.1721 -0.1721
vn -0.9851 -0.0000 -0.1719
vn -0.9699 0.1721 -0.1721
vn -0.9223 0.3460 -0.1723
vn -0.8341 0.5242 -0.1719
vn -0.7956 -0.5075 -0.3309
vn -0.8768 -0.3400 -0.3400
vn -0.9223 -0.1723 -0.3460
vn -0.9374 -0.0000 -0.3481
vn -0.9223 0.1723 -0.3460
vn -0.8768 0.3400 -0.3400
vn -0.7956 0.5075 -0.3309
vn -0.7335 -0.4806 -0.4806
vn -0.7956 -0.3309 -0.5075
vn -0.8341 -0.1719 -0.5242
vn -0.8478 -0.0000 -0.5303
vn -0.8341 0.1719 -0.5242
vn -0.7956 0.3309 -0.5075
vn -0.7335 0.4806 -0.4806
vn -0.4806 -0.4806 -0.7335
vn -0.5075 -0.3309 -0.7956
vn -0.5242 -0.1719 -0.8341
vn -0.5303 -0.0000 -0.8478
vn -0.5242 0.1719 -0.8341
vn -0.5075 0.3309 -0.7956
vn -0.4806 0.4806 -0.7335
vn -0.3309 -0.5075 -0.7956
vn -0.3400 -0.3400 -0.8768
vn -0.3460 -0.1723 -0.9223
vn -0.3481 -0.0000 -0.9374
vn -0.3460 0.1723 -0.9223
vn -0.3400 0.3400 -0.8768
vn -0.3309 0.5075 -0.7956
vn -0.1719 -0.5242 -0.8341
vn -0.1723 -0.3460 -0.9223
vn -0.1721 -0.1721 -0.9699
vn -0.1719 -0.0000 -0.9851
vn -0.1721 0.1721 -0.9699
vn -0.1723 0.3460 -0.9223
vn -0.1719 0.5242 -0.8341
vn -0.0000 -0.5303 -0.8478
vn -0.0000 -0.3481 -0.9374
vn -0.0000 -0.1719 -0.9851
vn -0.0000 -0.0000 -1.0000
vn -0.0000 0.1719 -0.9851
vn -0.0000 0.3481 -0.9374
vn -0.0000 0.5303 -0.8478
vn 0.1719 -0.5242 -0.8341
vn 0.1723 -0.3460 -0.9223
vn 0.1721 -0.1721 -0.9699
vn 0.1719 -0.0000 -0.9851
vn 0.1721 0.1721 -0.9699
vn 0.1723 0.3460 -0.9223
vn 0.1719 0.5242 -0.8341
vn 0.3309 -0.5075 -0.7956
vn 0.3400 -0.3400 -0.8768
vn 0.3460 -0.1723 -0.9223
vn 0.3481 -0.0000 -0.9374
vn 0.3460 0.1723 -0.9223
vn 0.3400 0.3400 -0.8768
vn 0.3309 0.5075 -0.7956
vn 0.4806 -0.4806 -0.7335
vn 0.5075 -0.3309 -0.7956
vn 0.5242 -0.1719 -0.8341
vn 0.5303 -0.0000 -0.8478
vn 0.5242 0.1719 -0.8341
vn 0.5075 0.3309 -0.7956
vn 0.4806 0.4806 -0.7335
vn 0.7335 -0.4806 -0.4806
vn 0.7956 -0.3309 -0.5075
vn 0.8341 -0.1719 -0.5242
vn 0.8478 -0.0000 -0.5303
vn 0.8341 0.1719 -0.5242
vn 0.7956 0.3309 -0.5075
vn 0.7335 0.4806 -0.4806
vn 0.7956 -0.5075 -0.3309
vn 0.8768 -0.3400 -0.3400
vn 0.9223 -0.1723 -0.3460
vn 0.9374 -0.0000 -0.3481
vn 0.9223 0.1723 -0.3460
vn 0.8768 0.3400 -0.3400
vn 0.7956 0.5075 -0.3309
vn 0.8341 -0.5242 -0.1719
vn 0.9223 -0.3460 -0.1723
vn 0.9699 -0.1721 -0.1721
vn 0.9851 -0.0000 -0.1719
vn 0.9699 0.1721 -0.1721
vn 0.9223 0.3460 -0.1723
vn 0.8341 0.5242 -0.1719
vn 0.8478 -0.5303 -0.0000
vn 0.9374 -0.3481 -0.0000
vn 0.9851 -0.1719 -0.0000
vn 1.0000 -0.0000 -0.0000
vn 0.9851 0.1719 -0.0000
vn 0.9374 0.3481 -0.0000
vn 0.8478 0.5303 -0.0000
vn 0.8341 -0.5242 0.1719
vn 0.9223 -0.3460 0.1723
vn 0.9699 -0.1721 0.1721
vn 0.9851 -0.0000 0.1719
vn 0.9699 0.1721 0.1721
vn 0.9223 0.3460 0.1723
vn 0.8341 0.5242 0.1719
vn 0.7956 -0.5075 0.3309
vn 0.8768 -0.3400 0.3400
vn 0.9223 -0.1723 0.3460
vn 0.9374 -0.0000 0.3481
vn 0.9223 0.1723 0.3460
vn 0.8768 0.3400 0.3400
vn 0.7956 0.5075 0.3309
vn 0.7335 -0.4806 0.4806
vn 0.7956 -0.3309 0.5075
vn 0.8341 -0.1719 0.5242
vn 0.8478 -0.0000 0.5303
vn 0.8341 0.1719 0.5242
vn 0.7956 0.3309 0.5075
vn 0.7335 0.4806 0.4806
vn 0.4806 -0.4806 0.7335
vn 0.5075 -0.3309 0.7956
vn 0.5242 -0.1719 0.8341
vn 0.5303 -0.0000 0.8478
vn 0.5242 0.1719 0.8341
vn 0.5075 0.3309 0.7956
vn 0.4806 0.4806 0.7335
vn 0.3309 -0.5075 0.7956
vn 0.3400 -0.3400 0.8768
vn 0.3460 -0.1723 0.9223
vn 0.3481 -0.0000 0.9374
vn 0.3460 0.1723 0.9223
vn 0.3400 0.3400 0.8768
vn 0.3309 0.5075 0.7956
vn 0.1719 -0.5242 0.8341
vn 0.1723 -0.3460 0.9223
vn 0.1721 -0.1721 0.9699
vn 0.1719 -0.0000 0.9851
vn 0.1721 0.1721 0.9699
vn 0.1723 0.3460 0.9223
vn 0.1719 0.5242 0.8341
vn -0.0000 -0.5303 0.8478
vn -0.0000 -0.3481 0.9374
vn -0.0000 -0.1719 0.9851
vn -0.0000 -0.0000 1.0000
vn -0.0000 0.1719 0.9851
vn -0.0000 0.3481 0.9374
vn -0.0000 0.5303 0.8478
vn -0.1719 -0.5242 0.8341
vn -0.1723 -0.3460 0.9223
vn -0.1721 -0.1721 0.9699
vn -0.1719 -0.0000 0.9851
vn -0.1721 0.1721 0.9699
vn -0.1723 0.3460 0.9223
vn -0.1719 0.5242 0.8341
vn -0.3309 -0.5075 0.7956
vn -0.3400 -0.3400 0.8768
vn -0.3460 -0.1723 0.9223
vn -0.3481 -0.0000 0.9374
vn -0.3460 0.1723 0.9223
vn -0.3400 0.3400 0.8768
vn -0.3309 0.5075 0.7956
vn -0.4806 -0.4806 0.7335
vn -0.5075 -0.3309 0.7956
vn -0.5242 -0.1719 0.8341
vn -0.5303 -0.0000 0.8478
vn -0.5242 0.1719 0.8341
vn -0.5075 0.3309 0.7956
vn -0.4806 0.4806 0.7335
vn -0.4806 -0.7335 -0.4806
vn -0.3309 -0.7956 -0.5075
vn -0.1719 -0.8341 -0.5242
vn -0.0000 -0.8478 -0.5303
vn 0.1719 -0.8341 -0.5242
vn 0.3309 -0.7956 -0.5075
vn 0.4806 -0.7335 -0.4806
vn -0.5075 -0.7956 -0.3309
vn -0.3400 -0.8768 -0.3400
vn -0.1723 -0.9223 -0.3460
vn -0.0000 -0.9374 -0.3481
vn 0.1723 -0.9223 -0.3460
vn 0.3400 -0.8768 -0.3400
vn 0.5075 -0.7956 -0.3309
vn -0.5242 -0.8341 -0.1719
vn -0.3460 -0.9223 -0.1723
vn -0.1721 -0.9699 -0.1721
vn -0.0000 -0.9851 -0.1719
vn 0.1721 -0.9699 -0.1721
vn 0.3460 -0.9223 -0.1723
vn 0.5242 -0.8341 -0.1719
vn -0.5303 -0.8478 -0.0000
vn -0.3481 -0.9374 -0.0000
vn -0.1719 -0.9851 -0.0000
vn -0.0000 -1.0000 -0.0000
vn 0.1719 -0.9851 -0.0000
vn 0.3481 -0.9374 -0.0000
vn 0.5303 -0.8478 -0.0000
vn -0.5242 -0.8341 0.1719
vn -0.3460 -0.9223 0.1723
vn -0.1721 -0.9699 0.1721
vn -0.0000 -0.9851 0.1719
vn 0.1721 -0.9699 0.1721
vn 0.3460 -0.9223 0.1723
vn 0.5242 -0.8341 0.1719
vn -0.5075 -0.7956 0.3309
vn -0.3400 -0.8768 0.3400
vn -0.1723 -0.9223 0.3460
vn -0.0000 -0.9374 0.3481
vn 0.1723 -0.9223 0.3460
vn 0.3400 -0.8768 0.3400
vn 0.5075 -0.7956 0.3309
vn -0.4806 -0.7335 0.4806
vn -0.3309 -0.7956 0.5075
vn -0.1719 -0.8341 0.5242
vn -0.0000 -0.8478 0.5303
vn 0.1719 -0.8341 0.5242
vn 0.3309 -0.7956 0.5075
vn 0.4806 -0.7335 0.4806
vn 0.4806 0.7335 -0.4806
vn 0.3309 0.7956 -0.5075
vn 0.1719 0.8341 -0.5242
vn -0.0000 0.8478 -0.5303
vn -0.1719 0.8341 -0.5242
vn -0.3309 0.7956 -0.5075
vn -0.4806 0.7335 -0.4806
vn 0.5075 0.7956 -0.3309
vn 0.3400 0.8768 -0.3400
vn 0.1723 0.9223 -0.3460
vn -0.0000 0.9374 -0.3481
vn -0.1723 0.9223 -0.3460
vn -0.3400 0.8768 -0.3400
vn -0.5075 0.7956 -0.3309
vn 0.5242 0.8341 -0.1719
vn 0.3460 0.9223 -0.1723
vn 0.1721 0.9699 -0.1721
vn -0.0000 0.9851 -0.1719
vn -0.1721 0.9699 -0.1721
vn -0.3460 0.9223 -0.1723
vn -0.5242 0.8341 -0.1719
vn 0.5303 0.8478 -0.0000
vn 0.3481 0.9374 -0.0000
vn 0.1719 0.9851 -0.0000
vn -0.0000 1.0000 -0.0000
vn -0.1719 0.9851 -0.0000
vn -0.3481 0.9374 -0.0000
vn -0.5303 0.8478 -0.0000
vn 0.5242 0.8341 0.1719
vn 0.3460 0.9223 0.1723
vn 0.1721 0.9699 0.1721
vn -0.0000 0.9851 0.1719
vn -0.1721 0.9699 0.1721
vn -0.3460 0.9223 0.1723
vn -0.5242 0.8341 0.1719
vn 0.5075 0.7956 0.3309
vn 0.3400 0.8768 0.3400
vn 0.1723 0.9223 0.3460
vn -0.0000 0.9374 0.3481
vn -0.1723 0.9223 0.3460
vn -0.3400 0.8768 0.3400
vn -0.5075 0.7956 0.3309
vn 0.4806 0.7335 0.4806
vn 0.3309 0.7956 0.5075
vn 0.1719 0.8341 0.5242
vn -0.0000 0.8478 0.5303
vn -0.1719 0.8341 0.5242
vn -0.3309 0.7956 0.5075
vn -0.4806 0.7335 0.4806
vt 0.406250 0.031250
vt 0.437500 0.031250
vt 0.437500 0.062500
vt 0.406250 0.062500
vt 0.468750 0.031250
vt 0.468750 0.062500
vt 0.500000 0.031250
vt 0.500000 0.062500
vt 0.531250 0.031250
vt 0.531250 0.062500
vt 0.562500 0.031250
vt 0.562500 0.062500
vt 0.593750 0.031250
vt 0.593750 0.062500
vt 0.437500 0.093750
vt 0.406250 0.093750
vt 0.468750 0.093750
vt 0.500000 0.093750
vt 0.531250 0.093750
vt 0.562500 0.093750
vt 0.593750 0.093750
vt 0.437500 0.125000
vt 0.406250 0.125000
vt 0.468750 0.125000
vt 0.500000 0.125000
vt 0.531250 0.125000
vt 0.562500 0.125000
vt 0.593750 0.125000
vt 0.437500 0.156250
vt 0.406250 0.156250
vt 0.468750 0.156250
vt 0.500000 0.156250
vt 0.531250 0.156250
vt 0.562500 0.156250
vt 0.593750 0.156250
vt 0.437500 0.187500
vt 0.406250 0.187500
vt 0.468750 0.187500
vt 0.500000 0.187500
vt 0.531250 0.187500
vt 0.562500 0.187500
vt 0.593750 0.187500
vt 0.437500 0.218750
vt 0.406250 0.218750
vt 0.468750 0.218750
vt 0.500000 0.218750
vt 0.531250 0.218750
vt 0.562500 0.218750
vt 0.593750 0.218750
vt 0.375000 0.000000
vt 0.406250 0.000000
vt 0.375000 0.031250
vt 0.437500 0.000000
vt 0.468750 0.000000
vt 0.500000 0.000000
vt 0.531250 0.000000
vt 0.562500 0.000000
vt 0.593750 0.000000
vt 0.625000 0.000000
vt 0.625000 0.031250
vt 0.625000 0.062500
vt 0.625000 0.093750
vt 0.625000 0.125000
vt 0.625000 0.156250
vt 0.625000 0.187500
vt 0.625000 0.218750
vt 0.625000 0.250000
vt 0.593750 0.250000
vt 0.562500 0.250000
vt 0.531250 0.250000
vt 0.500000 0.250000
vt 0.468750 0.250000
vt 0.437500 0.250000
vt 0.406250 0.250000
vt 0.375000 0.218750
vt 0.375000 0.250000
vt 0.375000 0.187500
vt 0.375000 0.156250
vt 0.375000 0.125000
vt 0.375000 0.093750
vt 0.375000 0.062500
vt 0.406250 0.281250
vt 0.437500 0.281250
vt 0.437500 0.312500
vt 0.406250 0.312500
vt 0.468750 0.281250
vt 0.468750 0.312500
vt 0.500000 0.281250
vt 0.500000 0.312500
vt 0.531250 0.281250
vt 0.531250 0.312500
vt 0.562500 0.281250
vt 0.562500 0.312500
vt 0.593750 0.281250
vt 0.593750 0.312500
vt 0.437500 0.343750
vt 0.406250 0.343750
vt 0.468750 0.343750
vt 0.500000 0.343750
vt 0.531250 0.343750
vt 0.562500 0.343750
vt 0.593750 0.343750
vt 0.437500 0.375000
vt 0.406250 0.375000
vt 0.468750 0.375000
vt 0.500000 0.375000
vt 0.531250 0.375000
vt 0.562500 0.375000
vt 0.593750 0.375000
vt 0.437500 0.406250
vt 0.406250 0.406250
vt 0.468750 0.406250
vt 0.500000 0.406250
vt 0.531250 0.406250
vt 0.562500 0.406250
vt 0.593750 0.406250
vt 0.437500 0.437500
vt 0.406250 0.437500
vt 0.468750 0.437500
vt 0.500000 0.437500
vt 0.531250 0.437500
vt 0.562500 0.437500
vt 0.593750 0.437500
vt 0.437500 0.468750
vt 0.406250 0.468750
vt 0.468750 0.468750
vt 0.500000 0.468750
vt 0.531250 0.468750
vt 0.562500 0.468750
vt 0.593750 0.468750
vt 0.375000 0.281250
vt 0.625000 0.281250
vt 0.625000 0.312500
vt 0.625000 0.343750
vt 0.625000 0.375000
vt 0.625000 0.406250
vt 0.625000 0.437500
vt 0.625000 0.468750
vt 0.625000 0.500000
vt 0.593750 0.500000
vt 0.562500 0.500000
vt 0.531250 0.500000
vt 0.500000 0.500000
vt 0.468750 0.500000
vt 0.437500 0.500000
vt 0.406250 0.500000
vt 0.375000 0.468750
vt 0.375000 0.500000
vt 0.375000 0.437500
vt 0.375000 0.406250
vt 0.375000 0.375000
vt 0.375000 0.343750
vt 0.375000 0.312500
vt 0.406250 0.531250
vt 0.437500 0.531250
vt 0.437500 0.562500
vt 0.406250 0.562500
vt 0.468750 0.531250
vt 0.468750 0.562500
vt 0.500000 0.531250
vt 0.500000 0.562500
vt 0.531250 0.531250
vt 0.531250 0.562500
vt 0.562500 0.531250
vt 0.562500 0.562500
vt 0.593750 0.531250
vt 0.593750 0.562500
vt 0.437500 0.593750
vt 0.406250 0.593750
vt 0.468750 0.593750
vt 0.500000 0.593750
vt 0.531250 0.593750
vt 0.562500 0.593750
vt 0.593750 0.593750
vt 0.437500 0.625000
vt 0.406250 0.625000
vt 0.468750 0.625000
vt 0.500000 0.625000
vt 0.531250 0.625000
vt 0.562500 0.625000
vt 0.593750 0.625000
vt 0.437500 0.656250
vt 0.406250 0.656250
vt 0.468750 0.656250
vt 0.500000 0.656250
vt 0.531250 0.656250
vt 0.562500 0.656250
vt 0.593750 0.656250
vt 0.437500 0.687500
vt 0.406250 0.687500
vt 0.468750 0.687500
vt 0.500000 0.687500
vt 0.531250 0.687500
vt 0.562500 0.687500
vt 0.593750 0.687500
vt 0.437500 0.718750
vt 0.406250 0.718750
vt 0.468750 0.718750
vt 0.500000 0.718750
vt 0.531250 0.718750
vt 0.562500 0.718750
vt 0.593750 0.718750
vt 0.375000 0.531250
vt 0.625000 0.531250
vt 0.625000 0.562500
vt 0.625000 0.593750
vt 0.625000 0.625000
vt 0.625000 0.656250
vt 0.625000 0.687500
vt 0.625000 0.718750
vt 0.625000 0.750000
vt 0.593750 0.750000
vt 0.562500 0.750000
vt 0.531250 0.750000
vt 0.500000 0.750000
vt 0.468750 0.750000
vt 0.437500 0.750000
vt 0.406250 0.750000
vt 0.375000 0.718750
vt 0.375000 0.750000
vt 0.375000 0.687500
vt 0.375000 0.656250
vt 0.375000 0.625000
vt 0.375000 0.593750
vt 0.375000 0.562500
vt 0.406250 0.781250
vt 0.437500 0.781250
vt 0.437500 0.812500
vt 0.406250 0.812500
vt 0.468750 0.781250
vt 0.468750 0.812500
vt 0.500000 0.781250
vt 0.500000 0.812500
vt 0.531250 0.781250
vt 0.531250 0.812500
vt 0.562500 0.781250
vt 0.562500 0.812500
vt 0.593750 0.781250
vt 0.593750 0.812500
vt 0.437500 0.843750
vt 0.406250 0.843750
vt 0.468750 0.843750
vt 0.500000 0.843750
vt 0.531250 0.843750
vt 0.562500 0.843750
vt 0.593750 0.843750
vt 0.437500 0.875000
vt 0.406250 0.875000
vt 0.468750 0.875000
vt 0.500000 0.875000
vt 0.531250 0.875000
vt 0.562500 0.875000
vt 0.593750 0.875000
vt 0.437500 0.906250
vt 0.406250 0.906250
vt 0.468750 0.906250
vt 0.500000 0.906250
vt 0.531250 0.906250
vt 0.562500 0.906250
vt 0.593750 0.906250
vt 0.437500 0.937500
vt 0.406250 0.937500
vt 0.468750 0.937500
vt 0.500000 0.937500
vt 0.531250 0.937500
vt 0.562500 0.937500
vt 0.593750 0.937500
vt 0.437500 0.968750
vt 0.406250 0.968750
vt 0.468750 0.968750
vt 0.500000 0.968750
vt 0.531250 0.968750
vt 0.562500 0.968750
vt 0.593750 0.968750
vt 0.375000 0.781250
vt 0.625000 0.781250
vt 0.625000 0.812500
vt 0.625000 0.843750
vt 0.625000 0.875000
vt 0.625000 0.906250
vt 0.625000 0.937500
vt 0.625000 0.968750
vt 0.625000 1.000000
vt 0.593750 1.000000
vt 0.562500 1.000000
vt 0.531250 1.000000
vt 0.500000 1.000000
vt 0.468750 1.000000
vt 0.437500 1.000000
vt 0.406250 1.000000
vt 0.375000 0.968750
vt 0.375000 1.000000
vt 0.375000 0.937500
vt 0.375000 0.906250
vt 0.375000 0.875000
vt 0.375000 0.843750
vt 0.375000 0.812500
vt 0.156250 0.531250
vt 0.187500 0.531250
vt 0.187500 0.562500
vt 0.156250 0.562500
vt 0.218750 0.531250
vt 0.218750 0.562500
vt 0.250000 0.531250
vt 0.250000 0.562500
vt 0.281250 0.531250
vt 0.281250 0.562500
vt 0.312500 0.531250
vt 0.312500 0.562500
vt 0.343750 0.531250
vt 0.343750 0.562500
vt 0.187500 0.593750
vt 0.156250 0.593750
vt 0.218750 0.593750
vt 0.250000 0.593750
vt 0.281250 0.593750
vt 0.312500 0.593750
vt 0.343750 0.593750
vt 0.187500 0.625000
vt 0.156250 0.625000
vt 0.218750 0.625000
vt 0.250000 0.625000
vt 0.281250 0.625000
vt 0.312500 0.625000
vt 0.343750 0.625000
vt 0.187500 0.656250
vt 0.156250 0.656250
vt 0.218750 0.656250
vt 0.250000 0.656250
vt 0.281250 0.656250
vt 0.312500 0.656250
vt 0.343750 0.656250
vt 0.187500 0.687500
vt 0.156250 0.687500
vt 0.218750 0.687500
vt 0.250000 0.687500
vt 0.281250 0.687500
vt 0.312500 0.687500
vt 0.343750 0.687500
vt 0.187500 0.718750
vt 0.156250 0.718750
vt 0.218750 0.718750
vt 0.250000 0.718750
vt 0.281250 0.718750
vt 0.312500 0.718750
vt 0.343750 0.718750
vt 0.125000 0.500000
vt 0.156250 0.500000
vt 0.125000 0.531250
vt 0.187500 0.500000
vt 0.218750 0.500000
vt 0.250000 0.500000
vt 0.281250 0.500000
vt 0.312500 0.500000
vt 0.343750 0.500000
vt 0.343750 0.750000
vt 0.312500 0.750000
vt 0.281250 0.750000
vt 0.250000 0.750000
vt 0.218750 0.750000
vt 0.187500 0.750000
vt 0.156250 0.750000
vt 0.125000 0.718750
vt 0.125000 0.750000
vt 0.125000 0.687500
vt 0.125000 0.656250
vt 0.125000 0.625000
vt 0.125000 0.593750
vt 0.125000 0.562500
vt 0.656250 0.531250
vt 0.687500 0.531250
vt 0.687500 0.562500
vt 0.656250 0.562500
vt 0.718750 0.531250
vt 0.718750 0.562500
vt 0.750000 0.531250
vt 0.750000 0.562500
vt 0.781250 0.531250
vt 0.781250 0.562500
vt 0.812500 0.531250
vt 0.812500 0.562500
vt 0.843750 0.531250
vt 0.843750 0.562500
vt 0.687500 0.593750
vt 0.656250 0.593750
vt 0.718750 0.593750
vt 0.750000 0.593750
vt 0.781250 0.593750
vt 0.812500 0.593750
vt 0.843750 0.593750
vt 0.687500 0.625000
vt 0.656250 0.625000
vt 0.718750 0.625000
vt 0.750000 0.625000
vt 0.781250 0.625000
vt 0.812500 0.625000
vt 0.843750 0.625000
vt 0.687500 0.656250
vt 0.656250 0.656250
vt 0.718750 0.656250
vt 0.750000 0.656250
vt 0.781250 0.656250
vt 0.812500 0.656250
vt 0.843750 0.656250
vt 0.687500 0.687500
vt 0.656250 0.687500
vt 0.718750 0.687500
vt 0.750000 0.687500
vt 0.781250 0.687500
vt 0.812500 0.687500
vt 0.843750 0.687500
vt 0.687500 0.718750
vt 0.656250 0.718750
vt 0.718750 0.718750
vt 0.750000 0.718750
vt 0.781250 0.718750
vt 0.812500 0.718750
vt 0.843750 0.718750
vt 0.656250 0.500000
vt 0.687500 0.500000
vt 0.718750 0.500000
vt 0.750000 0.500000
vt 0.781250 0.500000
vt 0.812500 0.500000
vt 0.843750 0.500000
vt 0.875000 0.500000
vt 0.875000 0.531250
vt 0.875000 0.562500
vt 0.875000 0.593750
vt 0.875000 0.625000
vt 0.875000 0.656250
vt 0.875000 0.687500
vt 0.875000 0.718750
vt 0.875000 0.750000
vt 0.843750 0.750000
vt 0.812500 0.750000
vt 0.781250 0.750000
vt 0.750000 0.750000
vt 0.718750 0.750000
vt 0.687500 0.750000
vt 0.656250 0.750000
s 1
usemtl Material.001
f 101/15/99 102/16/100 109/17/107 108/18/106
f 102/16/100 103/19/101 110/20/108 109/17/107
f 103/19/101 104/21/102 111/22/109 110/20/108
f 104/21/102 105/23/103 112/24/110 111/22/109
f 105/23/103 106/25/104 113/26/111 112/24/110
f 106/25/104 107/27/105 114/28/112 113/26/111
f 108/18/106 109/17/107 116/29/114 115/30/113
f 109/17/107 110/20/108 117/31/115 116/29/114
f 110/20/108 111/22/109 118/32/116 117/31/115
f 111/22/109 112/24/110 119/33/117 118/32/116
f 112/24/110 113/26/111 120/34/118 119/33/117
f 113/26/111 114/28/112 121/35/119 120/34/118
f 115/30/113 116/29/114 123/36/121 122/37/120
f 116/29/114 117/31/115 124/38/122 123/36/121
f 117/31/115 118/32/116 125/39/123 124/38/122
f 118/32/116 119/33/117 126/40/124 125/39/123
f 119/33/117 120/34/118 127/41/125 126/40/124
f 120/34/118 121/35/119 128/42/126 127/41/125
f 122/37/120 123/36/121 130/43/128 129/44/127
f 123/36/121 124/38/122 131/45/129 130/43/128
f 124/38/122 125/39/123 132/46/130 131/45/129
f 125/39/123 126/40/124 133/47/131 132/46/130
f 126/40/124 127/41/125 134/48/132 133/47/131
f 127/41/125 128/42/126 135/49/133 134/48/132
f 129/44/127 130/43/128 137/50/135 136/51/134
f 130/43/128 131/45/129 138/52/136 137/50/135
f 131/45/129 132/46/130 139/53/137 138/52/136
f 132/46/130 133/47/131 140/54/138 139/53/137
f 133/47/131 134/48/132 141/55/139 140/54/138
f 134/48/132 135/49/133 142/56/140 141/55/139
f 136/51/134 137/50/135 144/57/142 143/58/141
f 137/50/135 138/52/136 145/59/143 144/57/142
f 138/52/136 139/53/137 146/60/144 145/59/143
f 139/53/137 140/54/138 147/61/145 146/60/144
f 140/54/138 141/55/139 148/62/146 147/61/145
f 141/55/139 142/56/140 149/63/147 148/62/146
f 9/64/7 24/65/22 101/15/99 23/66/21
f 24/65/22 25/67/23 102/16/100 101/15/99
f 25/67/23 26/68/24 103/19/101 102/16/100
f 26/68/24 27/69/25 104/21/102 103/19/101
f 27/69/25 28/70/26 105/23/103 104/21/102
f 28/70/26 29/71/27 106/25/104 105/23/103
f 29/71/27 30/72/28 107/27/105 106/25/104
f 30/72/28 10/73/8 31/74/29 107/27/105
f 107/27/105 31/74/29 32/75/30 114/28/112
f 114/28/112 32/75/30 33/76/31 121/35/119
f 121/35/119 33/76/31 34/77/32 128/42/126
f 128/42/126 34/77/32 35/78/33 135/49/133
f 135/49/133 35/78/33 36/79/34 142/56/140
f 142/56/140 36/79/34 37/80/35 149/63/147
f 149/63/147 37/80/35 12/81/10 38/82/36
f 148/62/146 149/63/147 38/82/36 39/83/37
f 147/61/145 148/62/146 39/83/37 40/84/38
f 146/60/144 147/61/145 40/84/38 41/85/39
f 145/59/143 146/60/144 41/85/39 42/86/40
f 144/57/142 145/59/143 42/86/40 43/87/41
f 143/58/141 144/57/142 43/87/41 44/88/42
f 17/89/15 143/58/141 44/88/42 11/90/9
f 18/91/16 136/51/134 143/58/141 17/89/15
f 19/92/17 129/44/127 136/51/134 18/91/16
f 20/93/18 122/37/120 129/44/127 19/92/17
f 21/94/19 115/30/113 122/37/120 20/93/18
f 22/95/20 108/18/106 115/30/113 21/94/19
f 23/66/21 101/15/99 108/18/106 22/95/20
f 150/96/148 151/97/149 158/98/156 157/99/155
f 151/97/149 152/100/150 159/101/157 158/98/156
f 152/100/150 153/102/151 160/103/158 159/101/157
f 153/102/151 154/104/152 161/105/159 160/103/158
f 154/104/152 155/106/153 162/107/160 161/105/159
f 155/106/153 156/108/154 163/109/161 162/107/160
f 157/99/155 158/98/156 165/110/163 164/111/162
f 158/98/156 159/101/157 166/112/164 165/110/163
f 159/101/157 160/103/158 167/113/165 166/112/164
f 160/103/158 161/105/159 168/114/166 167/113/165
f 161/105/159 162/107/160 169/115/167 168/114/166
f 162/107/160 163/109/161 170/116/168 169/115/167
f 164/111/162 165/110/163 172/117/170 171/118/169
f 165/110/163 166/112/164 173/119/171 172/117/170
f 166/112/164 167/113/165 174/120/172 173/119/171
f 167/113/165 168/114/166 175/121/173 174/120/172
f 168/114/166 169/115/167 176/122/174 175/121/173
f 169/115/167 170/116/168 177/123/175 176/122/174
f 171/118/169 172/117/170 179/124/177 178/125/176
f 172/117/170 173/119/171 180/126/178 179/124/177
f 173/119/171 174/120/172 181/127/179 180/126/178
f 174/120/172 175/121/173 182/128/180 181/127/179
f 175/121/173 176/122/174 183/129/181 182/128/180
f 176/122/174 177/123/175 184/130/182 183/129/181
f 178/125/176 179/124/177 186/131/184 185/132/183
f 179/124/177 180/126/178 187/133/185 186/131/184
f 180/126/178 181/127/179 188/134/186 187/133/185
f 181/127/179 182/128/180 189/135/187 188/134/186
f 182/128/180 183/129/181 190/136/188 189/135/187
f 183/129/181 184/130/182 191/137/189 190/136/188
f 185/132/183 186/131/184 193/138/191 192/139/190
f 186/131/184 187/133/185 194/140/192 193/138/191
f 187/133/185 188/134/186 195/141/193 194/140/192
f 188/134/186 189/135/187 196/142/194 195/141/193
f 189/135/187 190/136/188 197/143/195 196/142/194
f 190/136/188 191/137/189 198/144/196 197/143/195
f 11/90/9 44/88/42 150/96/148 51/145/49
f 44/88/42 43/87/41 151/97/149 150/96/148
f 43/87/41 42/86/40 152/100/150 151/97/149
f 42/86/40 41/85/39 153/102/151 152/100/150
f 41/85/39 40/84/38 154/104/152 153/102/151
f 40/84/38 39/83/37 155/106/153 154/104/152
f 39/83/37 38/82/36 156/108/154 155/106/153
f 38/82/36 12/81/10 52/146/50 156/108/154
f 156/108/154 52/146/50 53/147/51 163/109/161
f 163/109/161 53/147/51 54/148/52 170/116/168
f 170/116/168 54/148/52 55/149/53 177/123/175
f 177/123/175 55/149/53 56/150/54 184/130/182
f 184/130/182 56/150/54 57/151/55 191/137/189
f 191/137/189 57/151/55 58/152/56 198/144/196
f 198/144/196 58/152/56 16/153/14 59/154/57
f 197/143/195 198/144/196 59/154/57 60/155/58
f 196/142/194 197/143/195 60/155/58 61/156/59
f 195/141/193 196/142/194 61/156/59 62/157/60
f 194/140/192 195/141/193 62/157/60 63/158/61
f 193/138/191 194/140/192 63/158/61 64/159/62
f 192/139/190 193/138/191 64/159/62 65/160/63
f 45/161/43 192/139/190 65/160/63 15/162/13
f 46/163/44 185/132/183 192/139/190 45/161/43
f 47/164/45 178/125/176 185/132/183 46/163/44
f 48/165/46 171/118/169 178/125/176 47/164/45
f 49/166/47 164/111/162 171/118/169 48/165/46
f 50/167/48 157/99/155 164/111/162 49/166/47
f 51/145/49 150/96/148 157/99/155 50/167/48
f 199/168/197 200/169/198 207/170/205 206/171/204
f 200/169/198 201/172/199 208/173/206 207/170/205
f 201/172/199 202/174/200 209/175/207 208/173/206
f 202/174/200 203/176/201 210/177/208 209/175/207
f 203/176/201 204/178/202 211/179/209 210/177/208
f 204/178/202 205/180/203 212/181/210 211/179/209
f 206/171/204 207/170/205 214/182/212 213/183/211
f 207/170/205 208/173/206 215/184/213 214/182/212
f 208/173/206 209/175/207 216/185/214 215/184/213
f 209/175/207 210/177/208 217/186/215 216/185/214
f 210/177/208 211/179/209 218/187/216 217/186/215
f 211/179/209 212/181/210 219/188/217 218/187/216
f 213/183/211 214/182/212 221/189/219 220/190/218
f 214/182/212 215/184/213 222/191/220 221/189/219
f 215/184/213 216/185/214 223/192/221 222/191/220
f 216/185/214 217/186/215 224/193/222 223/192/221
f 217/186/215 218/187/216 225/194/223 224/193/222
f 218/187/216 219/188/217 226/195/224 225/194/223
f 220/190/218 221/189/219 228/196/226 227/197/225
f 221/189/219 222/191/220 229/198/227 228/196/226
f 222/191/220 223/192/221 230/199/228 229/198/227
f 223/192/221 224/193/222 231/200/229 230/199/228
f 224/193/222 225/194/223 232/201/230 231/200/229
f 225/194/223 226/195/224 233/202/231 232/201/230
f 227/197/225 228/196/226 235/203/233 234/204/232
f 228/196/226 229/198/227 236/205/234 235/203/233
f 229/198/227 230/199/228 237/206/235 236/205/234
f 230/199/228 231/200/229 238/207/236 237/206/235
f 231/200/229 232/201/230 239/208/237 238/207/236
f 232/201/230 233/202/231 240/209/238 239/208/237
f 234/204/232 235/203/233 242/210/240 241/211/239
f 235/203/233 236/205/234 243/212/241 242/210/240
f 236/205/234 237/206/235 244/213/242 243/212/241
f 237/206/235 238/207/236 245/214/243 244/213/242
f 238/207/236 239/208/237 246/215/244 245/214/243
f 239/208/237 240/209/238 247/216/245 246/215/244
f 15/162/13 65/160/63 199/168/197 72/217/70
f 65/160/63 64/159/62 200/169/198 199/168/197
f 64/159/62 63/158/61 201/172/199 200/169/198
f 63/158/61 62/157/60 202/174/200 201/172/199
f 62/157/60 61/156/59 203/176/201 202/174/200
f 61/156/59 60/155/58 204/178/202 203/176/201
f 60/155/58 59/154/57 205/180/203 204/178/202
f 59/154/57 16/153/14 73/218/71 205/180/203
f 205/180/203 73/218/71 74/219/72 212/181/210
f 212/181/210 74/219/72 75/220/73 219/188/217
f 219/188/217 75/220/73 76/221/74 226/195/224
f 226/195/224 76/221/74 77/222/75 233/202/231
f 233/202/231 77/222/75 78/223/76 240/209/238
f 240/209/238 78/223/76 79/224/77 247/216/245
f 247/216/245 79/224/77 14/225/12 80/226/78
f 246/215/244 247/216/245 80/226/78 81/227/79
f 245/214/243 246/215/244 81/227/79 82/228/80
f 244/213/242 245/214/243 82/228/80 83/229/81
f 243/212/241 244/213/242 83/229/81 84/230/82
f 242/210/240 243/212/241 84/230/82 85/231/83
f 241/211/239 242/210/240 85/231/83 86/232/84
f 66/233/64 241/211/239 86/232/84 13/234/11
f 67/235/65 234/204/232 241/211/239 66/233/64
f 68/236/66 227/197/225 234/204/232 67/235/65
f 69/237/67 220/190/218 227/197/225 68/236/66
f 70/238/68 213/183/211 220/190/218 69/237/67
f 71/239/69 206/171/204 213/183/211 70/238/68
f 72/217/70 199/168/197 206/171/204 71/239/69
f 248/240/246 249/241/247 256/242/254 255/243/253
f 249/241/247 250/244/248 257/245/255 256/242/254
f 250/244/248 251/246/249 258/247/256 257/245/255
f 251/246/249 252/248/250 259/249/257 258/247/256
f 252/248/250 253/250/251 260/251/258 259/249/257
f 253/250/251 254/252/252 261/253/259 260/251/258
f 255/243/253 256/242/254 263/254/261 262/255/260
f 256/242/254 257/245/255 264/256/262 263/254/261
f 257/245/255 258/247/256 265/257/263 264/256/262
f 258/247/256 259/249/257 266/258/264 265/257/263
f 259/249/257 260/251/258 267/259/265 266/258/264
f 260/251/258 261/253/259 268/260/266 267/259/265
f 262/255/260 263/254/261 270/261/268 269/262/267
f 263/254/261 264/256/262 271/263/269 270/261/268
f 264/256/262 265/257/263 272/264/270 271/263/269
f 265/257/263 266/258/264 273/265/271 272/264/270
f 266/258/264 267/259/265 274/266/272 273/265/271
f 267/259/265 268/260/266 275/267/273 274/266/272
f 269/262/267 270/261/268 277/268/275 276/269/274
f 270/261/268 271/263/269 278/270/276 277/268/275
f 271/263/269 272/264/270 279/271/277 278/270/276
f 272/264/270 273/265/271 280/272/278 279/271/277
f 273/265/271 274/266/272 281/273/279 280/272/278
f 274/266/272 275/267/273 282/274/280 281/273/279
f 276/269/274 277/268/275 284/275/282 283/276/281
f 277/268/275 278/270/276 285/277/283 284/275/282
f 278/270/276 279/271/277 286/278/284 285/277/283
f 279/271/277 280/272/278 287/279/285 286/278/284
f 280/272/278 281/273/279 288/280/286 287/279/285
f 281/273/279 282/274/280 289/281/287 288/280/286
f 283/276/281 284/275/282 291/282/289 290/283/288
f 284/275/282 285/277/283 292/284/290 291/282/289
f 285/277/283 286/278/284 293/285/291 292/284/290
f 286/278/284 287/279/285 294/286/292 293/285/291
f 287/279/285 288/280/286 295/287/293 294/286/292
f 288/280/286 289/281/287 296/288/294 295/287/293
f 13/234/11 86/232/84 248/240/246 93/289/91
f 86/232/84 85/231/83 249/241/247 248/240/246
f 85/231/83 84/230/82 250/244/248 249/241/247
f 84/230/82 83/229/81 251/246/249 250/244/248
f 83/229/81 82/228/80 252/248/250 251/246/249
f 82/228/80 81/227/79 253/250/251 252/248/250
f 81/227/79 80/226/78 254/252/252 253/250/251
f 80/226/78 14/225/12 94/290/92 254/252/252
f 254/252/252 94/290/92 95/291/93 261/253/259
f 261/253/259 95/291/93 96/292/94 268/260/266
f 268/260/266 96/292/94 97/293/95 275/267/273
f 275/267/273 97/293/95 98/294/96 282/274/280
f 282/274/280 98/294/96 99/295/97 289/281/287
f 289/281/287 99/295/97 100/296/98 296/288/294
f 296/288/294 100/296/98 10/297/8 30/298/28
f 295/287/293 296/288/294 30/298/28 29/299/27
f 294/286/292 295/287/293 29/299/27 28/300/26
f 293/285/291 294/286/292 28/300/26 27/301/25
f 292/284/290 293/285/291 27/301/25 26/302/24
f 291/282/289 292/284/290 26/302/24 25/303/23
f 290/283/288 291/282/289 25/303/23 24/304/22
f 87/305/85 290/283/288 24/304/22 9/306/7
f 88/307/86 283/276/281 290/283/288 87/305/85
f 89/308/87 276/269/274 283/276/281 88/307/86
f 90/309/88 269/262/267 276/269/274 89/308/87
f 91/310/89 262/255/260 269/262/267 90/309/88
f 92/311/90 255/243/253 262/255/260 91/310/89
f 93/289/91 248/240/246 255/243/253 92/311/90
f 297/312/295 298/313/296 305/314/303 304/315/302
f 298/313/296 299/316/297 306/317/304 305/314/303
f 299/316/297 300/318/298 307/319/305 306/317/304
f 300/318/298 301/320/299 308/321/306 307/319/305
f 301/320/299 302/322/300 309/323/307 308/321/306
f 302/322/300 303/324/301 310/325/308 309/323/307
f 304/315/302 305/314/303 312/326/310 311/327/309
f 305/314/303 306/317/304 313/328/311 312/326/310
f 306/317/304 307/319/305 314/329/312 313/328/311
f 307/319/305 308/321/306 315/330/313 314/329/312
f 308/321/306 309/323/307 316/331/314 315/330/313
f 309/323/307 310/325/308 317/332/315 316/331/314
f 311/327/309 312/326/310 319/333/317 318/334/316
f 312/326/310 313/328/311 320/335/318 319/333/317
f 313/328/311 314/329/312 321/336/319 320/335/318
f 314/329/312 315/330/313 322/337/320 321/336/319
f 315/330/313 316/331/314 323/338/321 322/337/320
f 316/331/314 317/332/315 324/339/322 323/338/321
f 318/334/316 319/333/317 326/340/324 325/341/323
f 319/333/317 320/335/318 327/342/325 326/340/324
f 320/335/318 321/336/319 328/343/326 327/342/325
f 321/336/319 322/337/320 329/344/327 328/343/326
f 322/337/320 323/338/321 330/345/328 329/344/327
f 323/338/321 324/339/322 331/346/329 330/345/328
f 325/341/323 326/340/324 333/347/331 332/348/330
f 326/340/324 327/342/325 334/349/332 333/347/331
f 327/342/325 328/343/326 335/350/333 334/349/332
f 328/343/326 329/344/327 336/351/334 335/350/333
f 329/344/327 330/345/328 337/352/335 336/351/334
f 330/345/328 331/346/329 338/353/336 337/352/335
f 332/348/330 333/347/331 340/354/338 339/355/337
f 333/347/331 334/349/332 341/356/339 340/354/338
f 334/349/332 335/350/333 342/357/340 341/356/339
f 335/350/333 336/351/334 343/358/341 342/357/340
f 336/351/334 337/352/335 344/359/342 343/358/341
f 337/352/335 338/353/336 345/360/343 344/359/342
f 11/361/9 51/362/49 297/312/295 17/363/15
f 51/362/49 50/364/48 298/313/296 297/312/295
f 50/364/48 49/365/47 299/316/297 298/313/296
f 49/365/47 48/366/46 300/318/298 299/316/297
f 48/366/46 47/367/45 301/320/299 300/318/298
f 47/367/45 46/368/44 302/322/300 301/320/299
f 46/368/44 45/369/43 303/324/301 302/322/300
f 45/369/43 15/162/13 72/217/70 303/324/301
f 303/324/301 72/217/70 71/239/69 310/325/308
f 310/325/308 71/239/69 70/238/68 317/332/315
f 317/332/315 70/238/68 69/237/67 324/339/322
f 324/339/322 69/237/67 68/236/66 331/346/329
f 331/346/329 68/236/66 67/235/65 338/353/336
f 338/353/336 67/235/65 66/233/64 345/360/343
f 345/360/343 66/233/64 13/234/11 93/370/91
f 344/359/342 345/360/343 93/370/91 92/371/90
f 343/358/341 344/359/342 92/371/90 91/372/89
f 342/357/340 343/358/341 91/372/89 90/373/88
f 341/356/339 342/357/340 90/373/88 89/374/87
f 340/354/338 341/356/339 89/374/87 88/375/86
f 339/355/337 340/354/338 88/375/86 87/376/85
f 23/377/21 339/355/337 87/376/85 9/378/7
f 22/379/20 332/348/330 339/355/337 23/377/21
f 21/380/19 325/341/323 332/348/330 22/379/20
f 20/381/18 318/334/316 325/341/323 21/380/19
f 19/382/17 311/327/309 318/334/316 20/381/18
f 18/383/16 304/315/302 311/327/309 19/382/17
f 17/363/15 297/312/295 304/315/302 18/383/16
f 346/384/344 347/385/345 354/386/352 353/387/351
f 347/385/345 348/388/346 355/389/353 354/386/352
f 348/388/346 349/390/347 356/391/354 355/389/353
f 349/390/347 350/392/348 357/393/355 356/391/354
f 350/392/348 351/394/349 358/395/356 357/393/355
f 351/394/349 352/396/350 359/397/357 358/395/356
f 353/387/351 354/386/352 361/398/359 360/399/358
f 354/386/352 355/389/353 362/400/360 361/398/359
f 355/389/353 356/391/354 363/401/361 362/400/360
f 356/391/354 357/393/355 364/402/362 363/401/361
f 357/393/355 358/395/356 365/403/363 364/402/362
f 358/395/356 359/397/357 366/404/364 365/403/363
f 360/399/358 361/398/359 368/405/366 367/406/365
f 361/398/359 362/400/360 369/407/367 368/405/366
f 362/400/360 363/401/361 370/408/368 369/407/367
f 363/401/361 364/402/362 371/409/369 370/408/368
f 364/402/362 365/403/363 372/410/370 371/409/369
f 365/403/363 366/404/364 373/411/371 372/410/370
f 367/406/365 368/405/366 375/412/373 374/413/372
f 368/405/366 369/407/367 376/414/374 375/412/373
f 369/407/367 370/408/368 377/415/375 376/414/374
f 370/408/368 371/409/369 378/416/376 377/415/375
f 371/409/369 372/410/370 379/417/377 378/416/376
f 372/410/370 373/411/371 380/418/378 379/417/377
f 374/413/372 375/412/373 382/419/380 381/420/379
f 375/412/373 376/414/374 383/421/381 382/419/380
f 376/414/374 377/415/375 384/422/382 383/421/381
f 377/415/375 378/416/376 385/423/383 384/422/382
f 378/416/376 379/417/377 386/424/384 385/423/383
f 379/417/377 380/418/378 387/425/385 386/424/384
f 381/420/379 382/419/380 389/426/387 388/427/386
f 382/419/380 383/421/381 390/428/388 389/426/387
f 383/421/381 384/422/382 391/429/389 390/428/388
f 384/422/382 385/423/383 392/430/390 391/429/389
f 385/423/383 386/424/384 393/431/391 392/430/390
f 386/424/384 387/425/385 394/432/392 393/431/391
f 16/153/14 58/433/56 346/384/344 73/218/71
f 58/433/56 57/434/55 347/385/345 346/384/344
f 57/434/55 56/435/54 348/388/346 347/385/345
f 56/435/54 55/436/53 349/390/347 348/388/346
f 55/436/53 54/437/52 350/392/348 349/390/347
f 54/437/52 53/438/51 351/394/349 350/392/348
f 53/438/51 52/439/50 352/396/350 351/394/349
f 52/439/50 12/440/10 37/441/35 352/396/350
f 352/396/350 37/441/35 36/442/34 359/397/357
f 359/397/357 36/442/34 35/443/33 366/404/364
f 366/404/364 35/443/33 34/444/32 373/411/371
f 373/411/371 34/444/32 33/445/31 380/418/378
f 380/418/378 33/445/31 32/446/30 387/425/385
f 387/425/385 32/446/30 31/447/29 394/432/392
f 394/432/392 31/447/29 10/448/8 100/449/98
f 393/431/391 394/432/392 100/449/98 99/450/97
f 392/430/390 393/431/391 99/450/97 98/451/96
f 391/429/389 392/430/390 98/451/96 97/452/95
f 390/428/388 391/429/389 97/452/95 96/453/94
f 389/426/387 390/428/388 96/453/94 95/454/93
f 388/427/386 389/426/387 95/454/93 94/455/92
f 79/224/77 388/427/386 94/455/92 14/225/12
f 78/223/76 381/420/379 388/427/386 79/224/77
f 77/222/75 374/413/372 381/420/379 78/223/76
f 76/221/74 367/406/365 374/413/372 77/222/75
f 75/220/73 360/399/358 367/406/365 76/221/74
f 74/219/72 353/387/351 360/399/358 75/220/73
f 73/218/71 346/384/344 353/387/351 74/219/72
o Sphere_Reflective
v -10.894125 1.547996 -0.373998
v -10.894125 2.547996 -0.373998
v -10.894125 1.547996 -1.373998
v -10.894125 2.547996 -1.373998
v -9.894125 1.547996 -0.373998
v -9.894125 2.547996 -0.373998
v -9.894125 1.547996 -1.373998
v -9.894125 2.547996 -1.373998
v -10.929243 1.512878 -1.292847
v -10.967058 1.475063 -1.170648
v -10.993761 1.448360 -1.027398
v -11.003693 1.438428 -0.873998
v -10.993760 1.448360 -0.720597
v -10.967058 1.475063 -0.577348
v -10.929243 1.512878 -0.455148
v -10.929243 1.629146 -0.338880
v -10.967058 1.751346 -0.301065
v -10.993760 1.894595 -0.274362
v -11.003693 2.047996 -0.264430
v -10.993761 2.201397 -0.274362
v -10.967058 2.344646 -0.301065
v -10.929243 2.466846 -0.338880
v -10.929243 2.583114 -0.455148
v -10.967058 2.620929 -0.577348
v -10.993761 2.647632 -0.720597
v -11.003693 2.657564 -0.873998
v -10.993760 2.647632 -1.027398
v -10.967058 2.620929 -1.170648
v -10.929243 2.583114 -1.292847
v -10.929243 2.466846 -1.409115
v -10.967058 2.344646 -1.446930
v -10.993761 2.201397 -1.473633
v -11.003693 2.047996 -1.483565
v -10.993760 1.894595 -1.473633
v -10.967058 1.751346 -1.446930
v -10.929243 1.629146 -1.409115
v -9.975275 1.512878 -1.409115
v -10.097475 1.475063 -1.446930
v -10.240725 1.448360 -1.473633
v -10.394125 1.438428 -1.483565
v -10.547525 1.448360 -1.473633
v -10.690775 1.475063 -1.446930
v -10.812975 1.512878 -1.409115
v -10.812975 2.583114 -1.409115
v -10.690775 2.620929 -1.446930
v -10.547525 2.647632 -1.473633
v -10.394125 2.657564 -1.483565
v -10.240725 2.647632 -1.473633
v -10.097475 2.620929 -1.446930
v -9.975275 2.583114 -1.409115
v -9.859007 2.466846 -1.409115
v -9.821192 2.344646 -1.446930
v -9.794489 2.201397 -1.473633
v -9.784557 2.047996 -1.483566
v -9.794490 1.894595 -1.473633
v -9.821192 1.751346 -1.446930
v -9.859007 1.629146 -1.409115
v -9.859007 1.512878 -0.455148
v -9.821192 1.475063 -0.577348
v -9.794490 1.448360 -0.720597
v -9.784557 1.438428 -0.873998
v -9.794490 1.448360 -1.027398
v -9.821192 1.475063 -1.170648
v -9.859007 1.512878 -1.292847
v -9.859007 2.583114 -1.292847
v -9.821192 2.620929 -1.170648
v -9.794489 2.647632 -1.027398
v -9.784557 2.657564 -0.873998
v -9.794490 2.647632 -0.720597
v -9.821192 2.620929 -0.577348
v -9.859007 2.583114 -0.455148
v -9.859007 2.466846 -0.338880
v -9.821192 2.344646 -0.301065
v -9.794489 2.201397 -0.274362
v -9.784557 2.047996 -0.264430
v -9.794490 1.894595 -0.274362
v -9.821192 1.751346 -0.301065
v -9.859007 1.629146 -0.338880
v -10.812975 1.512878 -0.338880
v -10.690775 1.475063 -0.301065
v -10.547525 1.448360 -0.274362
v -10.394125 1.438428 -0.264430
v -10.240725 1.448360 -0.274362
v -10.097475 1.475063 -0.301065
v -9.975275 1.512878 -0.338880
v -9.975275 2.583114 -0.338880
v -10.097475 2.620929 -0.301065
v -10.240725 2.647632 -0.274362
v -10.394125 2.657564 -0.264430
v -10.547525 2.647632 -0.274362
v -10.690775 2.620929 -0.301065
v -10.812975 2.583114 -0.338880
v -11.004586 1.616237 -0.442239
v -11.058258 1.745013 -0.418695
v -11.092151 1.891905 -0.399597
v -11.104074 2.047996 -0.392010
v -11.092151 2.204087 -0.399597
v -11.058258 2.350979 -0.418695
v -11.004586 2.479755 -0.442239
v -11.058258 1.592694 -0.571015
v -11.123115 1.731839 -0.557840
v -11.162567 1.886081 -0.545928
v -11.175954 2.047996 -0.540857
v -11.162567 2.209912 -0.545928
v -11.123115 2.364153 -0.557840
v -11.058258 2.503298 -0.571015
v -11.092151 1.573596 -0.717906
v -11.162567 1.719926 -0.712082
v -11.204988 1.880414 -0.706415
v -11.219188 2.047996 -0.703883
v -11.204988 2.215578 -0.706415
v -11.162567 2.376066 -0.712082
v -11.092151 2.522396 -0.717906
v -11.104074 1.566008 -0.873998
v -11.175954 1.714856 -0.873998
v -11.219188 1.877881 -0.873998
v -11.233631 2.047996 -0.873998
v -11.219188 2.218111 -0.873998
v -11.175954 2.381136 -0.873998
v -11.104074 2.529984 -0.873998
v -11.092151 1.573596 -1.030089
v -11.162567 1.719926 -1.035913
v -11.204988 1.880414 -1.041580
v -11.219188 2.047996 -1.044112
v -11.204988 2.215578 -1.041580
v -11.162567 2.376066 -1.035913
v -11.092151 2.522396 -1.030089
v -11.058258 1.592694 -1.176980
v -11.123115 1.731839 -1.190155
v -11.162567 1.886081 -1.202067
v -11.175954 2.047996 -1.207138
v -11.162567 2.209912 -1.202067
v -11.123115 2.364153 -1.190155
v -11.058258 2.503298 -1.176980
v -11.004586 1.616237 -1.305756
v -11.058258 1.745013 -1.329300
v -11.092151 1.891905 -1.348398
v -11.104074 2.047996 -1.355986
v -11.092151 2.204087 -1.348398
v -11.058258 2.350979 -1.329300
v -11.004586 2.479755 -1.305756
v -10.825884 1.616237 -1.484459
v -10.849427 1.745013 -1.538130
v -10.868526 1.891905 -1.572023
v -10.876113 2.047996 -1.583946
v -10.868526 2.204087 -1.572023
v -10.849427 2.350979 -1.538131
v -10.825884 2.479755 -1.484459
v -10.697107 1.592694 -1.538131
v -10.710282 1.731839 -1.602988
v -10.722195 1.886081 -1.642440
v -10.727265 2.047996 -1.655826
v -10.722195 2.209912 -1.642440
v -10.710282 2.364153 -1.602988
v -10.697107 2.503298 -1.538131
v -10.550216 1.573596 -1.572023
v -10.556041 1.719926 -1.642440
v -10.561707 1.880414 -1.684860
v -10.564240 2.047996 -1.699060
v -10.561707 2.215578 -1.684860
v -10.556041 2.376066 -1.642440
v -10.550216 2.522396 -1.572023
v -10.394125 1.566008 -1.583947
v -10.394125 1.714856 -1.655826
v -10.394125 1.877881 -1.699060
v -10.394125 2.047996 -1.713504
v -10.394125 2.218111 -1.699060
v -10.394125 2.381136 -1.655826
v -10.394125 2.529984 -1.583946
v -10.238034 1.573596 -1.572023
v -10.232209 1.719926 -1.642440
v -10.226542 1.880414 -1.684860
v -10.224010 2.047996 -1.699060
v -10.226542 2.215578 -1.684860
v -10.232209 2.376066 -1.642440
v -10.238034 2.522396 -1.572023
v -10.091143 1.592694 -1.538130
v -10.077968 1.731839 -1.602988
v -10.066055 1.886081 -1.642440
v -10.060985 2.047996 -1.655826
v -10.066055 2.209912 -1.642440
v -10.077968 2.364153 -1.602988
v -10.091143 2.503298 -1.538131
v -9.962366 1.616237 -1.484459
v -9.938823 1.745013 -1.538131
v -9.919724 1.891905 -1.572023
v -9.912137 2.047996 -1.583947
v -9.919724 2.204087 -1.572023
v -9.938823 2.350979 -1.538130
v -9.962366 2.479755 -1.484459
v -9.783664 1.616237 -1.305756
v -9.729992 1.745013 -1.329300
v -9.696099 1.891905 -1.348398
v -9.684176 2.047996 -1.355985
v -9.696099 2.204087 -1.348398
v -9.729992 2.350979 -1.329300
v -9.783664 2.479755 -1.305756
v -9.729992 1.592694 -1.176980
v -9.665135 1.731839 -1.190155
v -9.625683 1.886081 -1.202067
v -9.612296 2.047996 -1.207138
v -9.625683 2.209912 -1.202067
v -9.665135 2.364153 -1.190155
v -9.729992 2.503298 -1.176980
v -9.696099 1.573596 -1.030089
v -9.625683 1.719926 -1.035913
v -9.583263 1.880414 -1.041580
v -9.569062 2.047996 -1.044112
v -9.583262 2.215578 -1.041580
v -9.625683 2.376066 -1.035913
v -9.696099 2.522396 -1.030089
v -9.684175 1.566008 -0.873998
v -9.612296 1.714856 -0.873998
v -9.569062 1.877881 -0.873998
v -9.554619 2.047996 -0.873998
v -9.569062 2.218111 -0.873998
v -9.612296 2.381136 -0.873998
v -9.684176 2.529984 -0.873998
v -9.696099 1.573596 -0.717906
v -9.625683 1.719926 -0.712082
v -9.583262 1.880414 -0.706415
v -9.569062 2.047996 -0.703883
v -9.583262 2.215578 -0.706415
v -9.625683 2.376066 -0.712082
v -9.696099 2.522396 -0.717906
v -9.729992 1.592694 -0.571015
v -9.665135 1.731839 -0.557840
v -9.625683 1.886081 -0.545928
v -9.612296 2.047996 -0.540857
v -9.625683 2.209912 -0.545928
v -9.665135 2.364153 -0.557840
v -9.729992 2.503298 -0.571015
v -9.783664 1.616237 -0.442239
v -9.729992 1.745013 -0.418695
v -9.696099 1.891905 -0.399597
v -9.684175 2.047996 -0.392010
v -9.696099 2.204087 -0.399597
v -9.729992 2.350979 -0.418695
v -9.783664 2.479755 -0.442239
v -9.962366 1.616237 -0.263536
v -9.938823 1.745013 -0.209865
v -9.919724 1.891905 -0.175972
v -9.912137 2.047996 -0.164049
v -9.919724 2.204087 -0.175972
v -9.938823 2.350979 -0.209865
v -9.962366 2.479755 -0.263536
v -10.091143 1.592694 -0.209865
v -10.077968 1.731839 -0.145008
v -10.066055 1.886081 -0.105555
v -10.060985 2.047996 -0.092169
v -10.066055 2.209912 -0.105555
v -10.077968 2.364153 -0.145008
v -10.091143 2.503298 -0.209865
v -10.238034 1.573596 -0.175972
v -10.232209 1.719926 -0.105555
v -10.226542 1.880414 -0.063136
v -10.224010 2.047996 -0.048935
v -10.226542 2.215578 -0.063135
v -10.232209 2.376066 -0.105555
v -10.238034 2.522396 -0.175972
v -10.394125 1.566008 -0.164049
v -10.394125 1.714856 -0.092169
v -10.394125 1.877881 -0.048935
v -10.394125 2.047996 -0.034491
v -10.394125 2.218111 -0.048935
v -10.394125 2.381136 -0.092169
v -10.394125 2.529984 -0.164049
v -10.550216 1.573596 -0.175972
v -10.556041 1.719926 -0.105555
v -10.561707 1.880414 -0.063135
v -10.564240 2.047996 -0.048935
v -10.561707 2.215578 -0.063135
v -10.556041 2.376066 -0.105555
v -10.550216 2.522396 -0.175972
v -10.697107 1.592694 -0.209865
v -10.710282 1.731839 -0.145008
v -10.722195 1.886081 -0.105555
v -10.727265 2.047996 -0.092169
v -10.722195 2.209912 -0.105555
v -10.710282 2.364153 -0.145008
v -10.697107 2.503298 -0.209865
v -10.825884 1.616237 -0.263537
v -10.849427 1.745013 -0.209865
v -10.868526 1.891905 -0.175972
v -10.876113 2.047996 -0.164048
v -10.868526 2.204087 -0.175972
v -10.849427 2.350979 -0.209865
v -10.825884 2.479755 -0.263537
v -10.825884 1.437535 -1.305756
v -10.697107 1.383863 -1.329300
v -10.550216 1.349970 -1.348398
v -10.394125 1.338047 -1.355985
v -10.238034 1.349970 -1.348398
v -10.091143 1.383863 -1.329300
v -9.962366 1.437535 -1.305756
v -10.849427 1.383863 -1.176980
v -10.710282 1.319006 -1.190155
v -10.556041 1.279554 -1.202067
v -10.394125 1.266167 -1.207138
v -10.232209 1.279554 -1.202067
v -10.077968 1.319006 -1.190155
v -9.938823 1.383863 -1.176980
v -10.868526 1.349970 -1.030089
v -10.722195 1.279554 -1.035913
v -10.561707 1.237134 -1.041580
v -10.394125 1.222933 -1.044112
v -10.226542 1.237134 -1.041580
v -10.066055 1.279554 -1.035913
v -9.919725 1.349970 -1.030089
v -10.876113 1.338047 -0.873998
v -10.727265 1.266167 -0.873998
v -10.564240 1.222933 -0.873998
v -10.394125 1.208490 -0.873998
v -10.224010 1.222933 -0.873998
v -10.060985 1.266167 -0.873998
v -9.912137 1.338047 -0.873998
v -10.868526 1.349970 -0.717906
v -10.722195 1.279554 -0.712082
v -10.561707 1.237134 -0.706415
v -10.394125 1.222933 -0.703883
v -10.226542 1.237134 -0.706415
v -10.066055 1.279554 -0.712082
v -9.919725 1.349970 -0.717906
v -10.849427 1.383863 -0.571015
v -10.710282 1.319006 -0.557840
v -10.556041 1.279554 -0.545928
v -10.394125 1.266167 -0.540857
v -10.232209 1.279554 -0.545928
v -10.077968 1.319006 -0.557840
v -9.938823 1.383863 -0.571015
v -10.825884 1.437535 -0.442239
v -10.697107 1.383863 -0.418695
v -10.550216 1.349970 -0.399597
v -10.394125 1.338047 -0.392010
v -10.238034 1.349970 -0.399597
v -10.091143 1.383863 -0.418695
v -9.962366 1.437535 -0.442239
v -9.962366 2.658457 -1.305756
v -10.091143 2.712129 -1.329300
v -10.238034 2.746022 -1.348398
v -10.394125 2.757945 -1.355985
v -10.550216 2.746022 -1.348398
v -10.697107 2.712129 -1.329300
v -10.825884 2.658457 -1.305756
v -9.938823 2.712129 -1.176980
v -10.077968 2.776986 -1.190155
v -10.232209 2.816438 -1.202067
v -10.394125 2.829825 -1.207138
v -10.556041 2.816438 -1.202067
v -10.710282 2.776986 -1.190155
v -10.849427 2.712129 -1.176980
v -9.919724 2.746022 -1.030089
v -10.066055 2.816438 -1.035913
v -10.226542 2.858858 -1.041580
v -10.394125 2.873059 -1.044112
v -10.561707 2.858858 -1.041580
v -10.722195 2.816438 -1.035913
v -10.868525 2.746022 -1.030089
v -9.912137 2.757945 -0.873998
v -10.060985 2.829825 -0.873998
v -10.224010 2.873059 -0.873998
v -10.394125 2.887502 -0.873998
v -10.564240 2.873059 -0.873998
v -10.727265 2.829825 -0.873998
v -10.876113 2.757945 -0.873998
v -9.919724 2.746022 -0.717906
v -10.066055 2.816438 -0.712082
v -10.226542 2.858858 -0.706415
v -10.394125 2.873059 -0.703883
v -10.561707 2.858858 -0.706415
v -10.722195 2.816438 -0.712082
v -10.868525 2.746022 -0.717906
v -9.938823 2.712129 -0.571015
v -10.077968 2.776986 -0.557840
v -10.232209 2.816438 -0.545928
v -10.394125 2.829825 -0.540857
v -10.556041 2.816438 -0.545928
v -10.710282 2.776986 -0.557840
v -10.849427 2.712129 -0.571015
v -9.962366 2.658457 -0.442239
v -10.091143 2.712129 -0.418695
v -10.238034 2.746022 -0.399597
v -10.394125 2.757945 -0.392010
v -10.550216 2.746022 -0.399597
v -10.697107 2.712129 -0.418695
v -10.825884 2.658457 -0.442239
vn -0.5774 -0.5774 0.5774
vn -0.5773 0.5774 0.5774
vn -0.5774 -0.5774 -0.5773
vn -0.5774 0.5774 -0.5773
vn 0.5774 -0.5774 0.5773
vn 0.5774 0.5774 0.5773
vn 0.5774 -0.5774 -0.5774
vn 0.5773 0.5774 -0.5774
vn -0.6267 -0.6267 -0.4632
vn -0.6685 -0.6685 -0.3259
vn -0.6966 -0.6966 -0.1714
vn -0.7071 -0.7071 -0.0000
vn -0.6966 -0.6966 0.1714
vn -0.6685 -0.6685 0.3259
vn -0.6267 -0.6267 0.4632
vn -0.6267 -0.4632 0.6267
vn -0.6685 -0.3259 0.6685
vn -0.6966 -0.1714 0.6966
vn -0.7071 -0.0000 0.7071
vn -0.6966 0.1714 0.6966
vn -0.6685 0.3259 0.6685
vn -0.6267 0.4632 0.6267
vn -0.6267 0.6267 0.4632
vn -0.6685 0.6685 0.3259
vn -0.6966 0.6966 0.1714
vn -0.7071 0.7071 -0.0000
vn -0.6966 0.6966 -0.1714
vn -0.6685 0.6685 -0.3259
vn -0.6267 0.6267 -0.4632
vn -0.6267 0.4632 -0.6267
vn -0.6685 0.3259 -0.6685
vn -0.6966 0.1714 -0.6966
vn -0.7071 -0.0000 -0.7071
vn -0.6966 -0.1714 -0.6966
vn -0.6685 -0.3259 -0.6685
vn -0.6267 -0.4632 -0.6267
vn 0.4632 -0.6267 -0.6267
vn 0.3259 -0.6685 -0.6685
vn 0.1714 -0.6966 -0.6966
vn -0.0000 -0.7071 -0.7071
vn -0.1714 -0.6966 -0.6966
vn -0.3259 -0.6685 -0.6685
vn -0.4632 -0.6267 -0.6267
vn -0.4632 0.6267 -0.6267
vn -0.3259 0.6685 -0.6685
vn -0.1714 0.6966 -0.6966
vn -0.0000 0.7071 -0.7071
vn 0.1714 0.6966 -0.6966
vn 0.3259 0.6685 -0.6685
vn 0.4632 0.6267 -0.6267
vn 0.6267 0.4632 -0.6267
vn 0.6685 0.3259 -0.6685
vn 0.6966 0.1714 -0.6966
vn 0.7071 -0.0000 -0.7071
vn 0.6966 -0.1714 -0.6966
vn 0.6685 -0.3259 -0.6685
vn 0.6267 -0.4632 -0.6267
vn 0.6267 -0.6267 0.4632
vn 0.6685 -0.6685 0.3259
vn 0.6966 -0.6966 0.1714
vn 0.7071 -0.7071 -0.0000
vn 0.6966 -0.6966 -0.1714
vn 0.6685 -0.6685 -0.3259
vn 0.6267 -0.6267 -0.4632
vn 0.6267 0.6267 -0.4632
vn 0.6685 0.6685 -0.3259
vn 0.6966 0.6966 -0.1714
vn 0.7071 0.7071 -0.0000
vn 0.6966 0.6966 0.1714
vn 0.6685 0.6685 0.3259
vn 0.6267 0.6267 0.4632
vn 0.6267 0.4632 0.6267
vn 0.6685 0.3259 0.6685
vn 0.6966 0.1714 0.6966
vn 0.7071 -0.0000 0.7071
vn 0.6966 -0.1714 0.6966
vn 0.6685 -0.3259 0.6685
vn 0.6267 -0.4632 0.6267
vn -0.4632 -0.6267 0.6267
vn -0.3259 -0.6685 0.6685
vn -0.1714 -0.6966 0.6966
vn -0.0000 -0.7071 0.7071
vn 0.1714 -0.6966 0.6966
vn 0.3259 -0.6685 0.6685
vn 0.4632 -0.6267 0.6267
vn 0.4632 0.6267 0.6267
vn 0.3259 0.6685 0.6685
vn 0.1714 0.6966 0.6966
vn -0.0000 0.7071 0.7071
vn -0.1714 0.6966 0.6966
vn -0.3259 0.6685 0.6685
vn -0.4632 0.6267 0.6267
vn -0.7335 -0.4806 0.4806
vn -0.7956 -0.3309 0.5075
vn -0.8341 -0.1719 0.5242
vn -0.8478 -0.0000 0.5303
vn -0.8341 0.1719 0.5242
vn -0.7956 0.3309 0.5075
vn -0.7335 0.4806 0.4806
vn -0.7956 -0.5075 0.3309
vn -0.8768 -0.3400 0.3400
vn -0.9223 -0.1723 0.3460
vn -0.9374 -0.0000 0.3481
vn -0.9223 0.1723 0.3460
vn -0.8768 0.3400 0.3400
vn -0.7956 0.5075 0.3309
vn -0.8341 -0.5242 0.1719
vn -0.9223 -0.3460 0.1723
vn -0.9699 -0.1721 0.1721
vn -0.9851 -0.0000 0.1719
vn -0.9699 0.1721 0.1721
vn -0.9223 0.3460 0.1723
vn -0.8341 0.5242 0.1719
vn -0.8478 -0.5303 -0.0000
vn -0.9374 -0.3481 -0.0000
vn -0.9851 -0.1719 -0.0000
vn -1.0000 -0.0000 -0.0000
vn -0.9851 0.1719 -0.0000
vn -0.9374 0.3481 -0.0000
vn -0.8478 0.5303 -0.0000
vn -0.8341 -0.5242 -0.1719
vn -0.9223 -0.3460 -0.1723
vn -0.9699 -0.1721 -0.1721
vn -0.9851 -0.0000 -0.1719
vn -0.9699 0.1721 -0.1721
vn -0.9223 0.3460 -0.1723
vn -0.8341 0.5242 -0.1719
vn -0.7956 -0.5075 -0.3309
vn -0.8768 -0.3400 -0.3400
vn -0.9223 -0.1723 -0.3460
vn -0.9374 -0.0000 -0.3481
vn -0.9223 0.1723 -0.3460
vn -0.8768 0.3400 -0.3400
vn -0.7956 0.5075 -0.3309
vn -0.7335 -0.4806 -0.4806
vn -0.7956 -0.3309 -0.5075
vn -0.8341 -0.1719 -0.5242
vn -0.8478 -0.0000 -0.5303
vn -0.8341 0.1719 -0.5242
vn -0.7956 0.3309 -0.5075
vn -0.7335 0.4806 -0.4806
vn -0.4806 -0.4806 -0.7335
vn -0.5075 -0.3309 -0.7956
vn -0.5242 -0.1719 -0.8341
vn -0.5303 -0.0000 -0.8478
vn -0.5242 0.1719 -0.8341
vn -0.5075 0.3309 -0.7956
vn -0.4806 0.4806 -0.7335
vn -0.3309 -0.5075 -0.7956
vn -0.3400 -0.3400 -0.8768
vn -0.3460 -0.1723 -0.9223
vn -0.3481 -0.0000 -0.9374
vn -0.3460 0.1723 -0.9223
vn -0.3400 0.3400 -0.8768
vn -0.3309 0.5075 -0.7956
vn -0.1719 -0.5242 -0.8341
vn -0.1723 -0.3460 -0.9223
vn -0.1721 -0.1721 -0.9699
vn -0.1719 -0.0000 -0.9851
vn -0.1721 0.1721 -0.9699
vn -0.1723 0.3460 -0.9223
vn -0.1719 0.5242 -0.8341
vn -0.0000 -0.5303 -0.8478
vn -0.0000 -0.3481 -0.9374
vn -0.0000 -0.1719 -0.9851
vn -0.0000 -0.0000 -1.0000
vn -0.0000 0.1719 -0.9851
vn -0.0000 0.3481 -0.9374
vn -0.0000 0.5303 -0.8478
vn 0.1719 -0.5242 -0.8341
vn 0.1723 -0.3460 -0.9223
vn 0.1721 -0.1721 -0.9699
vn 0.1719 -0.0000 -0.9851
vn 0.1721 0.1721 -0.9699
vn 0.1723 0.3460 -0.9223
vn 0.1719 0.5242 -0.8341
vn 0.3309 -0.5075 -0.7956
vn 0.3400 -0.3400 -0.8768
vn 0.3460 -0.1723 -0.9223
vn 0.3481 -0.0000 -0.9374
vn 0.3460 0.1723 -0.9223
vn 0.3400 0.3400 -0.8768
vn 0.3309 0.5075 -0.7956
vn 0.4806 -0.4806 -0.7335
vn 0.5075 -0.3309 -0.7956
vn 0.5242 -0.1719 -0.8341
vn 0.5303 -0.0000 -0.8478
vn 0.5242 0.1719 -0.8341
vn 0.5075 0.3309 -0.7956
vn 0.4806 0.4806 -0.7335
vn 0.7335 -0.4806 -0.4806
vn 0.7956 -0.3309 -0.5075
vn 0.8341 -0.1719 -0.5242
vn 0.8478 -0.0000 -0.5303
vn 0.8341 0.1719 -0.5242
vn 0.7956 0.3309 -0.5075
vn 0.7335 0.4806 -0.4806
vn 0.7956 -0.5075 -0.3309
vn 0.8768 -0.3400 -0.3400
vn 0.9223 -0.1723 -0.3460
vn 0.9374 -0.0000 -0.3481
vn 0.9223 0.1723 -0.3460
vn 0.8768 0.3400 -0.3400
vn 0.7956 0.5075 -0.3309
vn 0.8341 -0.5242 -0.1719
vn 0.9223 -0.3460 -0.1723
vn 0.9699 -0.1721 -0.1721
vn 0.9851 -0.0000 -0.1719
vn 0.9699 0.1721 -0.1721
vn 0.9223 0.3460 -0.1723
vn 0.8341 0.5242 -0.1719
vn 0.8478 -0.5303 -0.0000
vn 0.9374 -0.3481 -0.0000
vn 0.9851 -0.1719 -0.0000
vn 1.0000 -0.0000 -0.0000
vn 0.9851 0.1719 -0.0000
vn 0.9374 0.3481 -0.0000
vn 0.8478 0.5303 -0.0000
vn 0.8341 -0.5242 0.1719
vn 0.9223 -0.3460 0.1723
vn 0.9699 -0.1721 0.1721
vn 0.9851 -0.0000 0.1719
vn 0.9699 0.1721 0.1721
vn 0.9223 0.3460 0.1723
vn 0.8341 0.5242 0.1719
vn 0.7956 -0.5075 0.3309
vn 0.8768 -0.3400 0.3400
vn 0.9223 -0.1723 0.3460
vn 0.9374 -0.0000 0.3481
vn 0.9223 0.1723 0.3460
vn 0.8768 0.3400 0.3400
vn 0.7956 0.5075 0.3309
vn 0.7335 -0.4806 0.4806
vn 0.7956 -0.3309 0.5075
vn 0.8341 -0.1719 0.5242
vn 0.8478 -0.0000 0.5303
vn 0.8341 0.1719 0.5242
vn 0.7956 0.3309 0.5075
vn 0.7335 0.4806 0.4806
vn 0.4806 -0.4806 0.7335
vn 0.5075 -0.3309 0.7956
vn 0.5242 -0.1719 0.8341
vn 0.5303 -0.0000 0.8478
vn 0.5242 0.1719 0.8341
vn 0.5075 0.3309 0.7956
vn 0.4806 0.4806 0.7335
vn 0.3309 -0.5075 0.7956
vn 0.3400 -0.3400 0.8768
vn 0.3460 -0.1723 0.9223
vn 0.3481 -0.0000 0.9374
vn 0.3460 0.1723 0.9223
vn 0.3400 0.3400 0.8768
vn 0.3309 0.5075 0.7956
vn 0.1719 -0.5242 0.8341
vn 0.1723 -0.3460 0.9223
vn 0.1721 -0.1721 0.9699
vn 0.1719 -0.0000 0.9851
vn 0.1721 0.1721 0.9699
vn 0.1723 0.3460 0.9223
vn 0.1719 0.5242 0.8341
vn -0.0000 -0.5303 0.8478
vn -0.0000 -0.3481 0.9374
vn -0.0000 -0.1719 0.9851
vn -0.0000 -0.0000 1.0000
vn -0.0000 0.1719 0.9851
vn -0.0000 0.3481 0.9374
vn -0.0000 0.5303 0.8478
vn -0.1719 -0.5242 0.8341
vn -0.1723 -0.3460 0.9223
vn -0.1721 -0.1721 0.9699
vn -0.1719 -0.0000 0.9851
vn -0.1721 0.1721 0.9699
vn -0.1723 0.3460 0.9223
vn -0.1719 0.5242 0.8341
vn -0.3309 -0.5075 0.7956
vn -0.3400 -0.3400 0.8768
vn -0.3460 -0.1723 0.9223
vn -0.3481 -0.0000 0.9374
vn -0.3460 0.1723 0.9223
vn -0.3400 0.3400 0.8768
vn -0.3309 0.5075 0.7956
vn -0.4806 -0.4806 0.7335
vn -0.5075 -0.3309 0.7956
vn -0.5242 -0.1719 0.8341
vn -0.5303 -0.0000 0.8478
vn -0.5242 0.1719 0.8341
vn -0.5075 0.3309 0.7956
vn -0.4806 0.4806 0.7335
vn -0.4806 -0.7335 -0.4806
vn -0.3309 -0.7956 -0.5075
vn -0.1719 -0.8341 -0.5242
vn -0.0000 -0.8478 -0.5303
vn 0.1719 -0.8341 -0.5242
vn 0.3309 -0.7956 -0.5075
vn 0.4806 -0.7335 -0.4806
vn -0.5075 -0.7956 -0.3309
vn -0.3400 -0.8768 -0.3400
vn -0.1723 -0.9223 -0.3460
vn -0.0000 -0.9374 -0.3481
vn 0.1723 -0.9223 -0.3460
vn 0.3400 -0.8768 -0.3400
vn 0.5075 -0.7956 -0.3309
vn -0.5242 -0.8341 -0.1719
vn -0.3460 -0.9223 -0.1723
vn -0.1721 -0.9699 -0.1721
vn -0.0000 -0.9851 -0.1719
vn 0.1721 -0.9699 -0.1721
vn 0.3460 -0.9223 -0.1723
vn 0.5242 -0.8341 -0.1719
vn -0.5303 -0.8478 -0.0000
vn -0.3481 -0.9374 -0.0000
vn -0.1719 -0.9851 -0.0000
vn -0.0000 -1.0000 -0.0000
vn 0.1719 -0.9851 -0.0000
vn 0.3481 -0.9374 -0.0000
vn 0.5303 -0.8478 -0.0000
vn -0.5242 -0.8341 0.1719
vn -0.3460 -0.9223 0.1723
vn -0.1721 -0.9699 0.1721
vn -0.0000 -0.9851 0.1719
vn 0.1721 -0.9699 0.1721
vn 0.3460 -0.9223 0.1723
vn 0.5242 -0.8341 0.1719
vn -0.5075 -0.7956 0.3309
vn -0.3400 -0.8768 0.3400
vn -0.1723 -0.9223 0.3460
vn -0.0000 -0.9374 0.3481
vn 0.1723 -0.9223 0.3460
vn 0.3400 -0.8768 0.3400
vn 0.5075 -0.7956 0.3309
vn -0.4806 -0.7335 0.4806
vn -0.3309 -0.7956 0.5075
vn -0.1719 -0.8341 0.5242
vn -0.0000 -0.8478 0.5303
vn 0.1719 -0.8341 0.5242
vn 0.3309 -0.7956 0.5075
vn 0.4806 -0.7335 0.4806
vn 0.4806 0.7335 -0.4806
vn 0.3309 0.7956 -0.5075
vn 0.1719 0.8341 -0.5242
vn -0.0000 0.8478 -0.5303
vn -0.1719 0.8341 -0.5242
vn -0.3309 0.7956 -0.5075
vn -0.4806 0.7335 -0.4806
vn 0.5075 0.7956 -0.3309
vn 0.3400 0.8768 -0.3400
vn 0.1723 0.9223 -0.3460
vn -0.0000 0.9374 -0.3481
vn -0.1723 0.9223 -0.3460
vn -0.3400 0.8768 -0.3400
vn -0.5075 0.7956 -0.3309
vn 0.5242 0.8341 -0.1719
vn 0.3460 0.9223 -0.1723
vn 0.1721 0.9699 -0.1721
vn -0.0000 0.9851 -0.1719
vn -0.1721 0.9699 -0.1721
vn -0.3460 0.9223 -0.1723
vn -0.5242 0.8341 -0.1719
vn 0.5303 0.8478 -0.0000
vn 0.3481 0.9374 -0.0000
vn 0.1719 0.9851 -0.0000
vn -0.0000 1.0000 -0.0000
vn -0.1719 0.9851 -0.0000
vn -0.3481 0.9374 -0.0000
vn -0.5303 0.8478 -0.0000
vn 0.5242 0.8341 0.1719
vn 0.3460 0.9223 0.1723
vn 0.1721 0.9699 0.1721
vn -0.0000 0.9851 0.1719
vn -0.1721 0.9699 0.1721
vn -0.3460 0.9223 0.1723
vn -0.5242 0.8341 0.1719
vn 0.5075 0.7956 0.3309
vn 0.3400 0.8768 0.3400
vn 0.1723 0.9223 0.3460
vn -0.0000 0.9374 0.3481
vn -0.1723 0.9223 0.3460
vn -0.3400 0.8768 0.3400
vn -0.5075 0.7956 0.3309
vn 0.4806 0.7335 0.4806
vn 0.3309 0.7956 0.5075
vn 0.1719 0.8341 0.5242
vn -0.0000 0.8478 0.5303
vn -0.1719 0.8341 0.5242
vn -0.3309 0.7956 0.5075
vn -0.4806 0.7335 0.4806
vt 0.406250 0.031250
vt 0.437500 0.031250
vt 0.437500 0.062500
vt 0.406250 0.062500
vt 0.468750 0.031250
vt 0.468750 0.062500
vt 0.500000 0.031250
vt 0.500000 0.062500
vt 0.531250 0.031250
vt 0.531250 0.062500
vt 0.562500 0.031250
vt 0.562500 0.062500
vt 0.593750 0.031250
vt 0.593750 0.062500
vt 0.437500 0.093750
vt 0.406250 0.093750
vt 0.468750 0.093750
vt 0.500000 0.093750
vt 0.531250 0.093750
vt 0.562500 0.093750
vt 0.593750 0.093750
vt 0.437500 0.125000
vt 0.406250 0.125000
vt 0.468750 0.125000
vt 0.500000 0.125000
vt 0.531250 0.125000
vt 0.562500 0.125000
vt 0.593750 0.125000
vt 0.437500 0.156250
vt 0.406250 0.156250
vt 0.468750 0.156250
vt 0.500000 0.156250
vt 0.531250 0.156250
vt 0.562500 0.156250
vt 0.593750 0.156250
vt 0.437500 0.187500
vt 0.406250 0.187500
vt 0.468750 0.187500
vt 0.500000 0.187500
vt 0.531250 0.187500
vt 0.562500 0.187500
vt 0.593750 0.187500
vt 0.437500 0.218750
vt 0.406250 0.218750
vt 0.468750 0.218750
vt 0.500000 0.218750
vt 0.531250 0.218750
vt 0.562500 0.218750
vt 0.593750 0.218750
vt 0.375000 0.000000
vt 0.406250 0.000000
vt 0.375000 0.031250
vt 0.437500 0.000000
vt 0.468750 0.000000
vt 0.500000 0.000000
vt 0.531250 0.000000
vt 0.562500 0.000000
vt 0.593750 0.000000
vt 0.625000 0.000000
vt 0.625000 0.031250
vt 0.625000 0.062500
vt 0.625000 0.093750
vt 0.625000 0.125000
vt 0.625000 0.156250
vt 0.625000 0.187500
vt 0.625000 0.218750
vt 0.625000 0.250000
vt 0.593750 0.250000
vt 0.562500 0.250000
vt 0.531250 0.250000
vt 0.500000 0.250000
vt 0.468750 0.250000
vt 0.437500 0.250000
vt 0.406250 0.250000
vt 0.375000 0.218750
vt 0.375000 0.250000
vt 0.375000 0.187500
vt 0.375000 0.156250
vt 0.375000 0.125000
vt 0.375000 0.093750
vt 0.375000 0.062500
vt 0.406250 0.281250
vt 0.437500 0.281250
vt 0.437500 0.312500
vt 0.406250 0.312500
vt 0.468750 0.281250
vt 0.468750 0.312500
vt 0.500000 0.281250
vt 0.500000 0.312500
vt 0.531250 0.281250
vt 0.531250 0.312500
vt 0.562500 0.281250
vt 0.562500 0.312500
vt 0.593750 0.281250
vt 0.593750 0.312500
vt 0.437500 0.343750
vt 0.406250 0.343750
vt 0.468750 0.343750
vt 0.500000 0.343750
vt 0.531250 0.343750
vt 0.562500 0.343750
vt 0.593750 0.343750
vt 0.437500 0.375000
vt 0.406250 0.375000
vt 0.468750 0.375000
vt 0.500000 0.375000
vt 0.531250 0.375000
vt 0.562500 0.375000
vt 0.593750 0.375000
vt 0.437500 0.406250
vt 0.406250 0.406250
vt 0.468750 0.406250
vt 0.500000 0.406250
vt 0.531250 0.406250
vt 0.562500 0.406250
vt 0.593750 0.406250
vt 0.437500 0.437500
vt 0.406250 0.437500
vt 0.468750 0.437500
vt 0.500000 0.437500
vt 0.531250 0.437500
vt 0.562500 0.437500
vt 0.593750 0.437500
vt 0.437500 0.468750
vt 0.406250 0.468750
vt 0.468750 0.468750
vt 0.500000 0.468750
vt 0.531250 0.468750
vt 0.562500 0.468750
vt 0.593750 0.468750
vt 0.375000 0.281250
vt 0.625000 0.281250
vt 0.625000 0.312500
vt 0.625000 0.343750
vt 0.625000 0.375000
vt 0.625000 0.406250
vt 0.625000 0.437500
vt 0.625000 0.468750
vt 0.625000 0.500000
vt 0.593750 0.500000
vt 0.562500 0.500000
vt 0.531250 0.500000
vt 0.500000 0.500000
vt 0.468750 0.500000
vt 0.437500 0.500000
vt 0.406250 0.500000
vt 0.375000 0.468750
vt 0.375000 0.500000
vt 0.375000 0.437500
vt 0.375000 0.406250
vt 0.375000 0.375000
vt 0.375000 0.343750
vt 0.375000 0.312500
vt 0.406250 0.531250
vt 0.437500 0.531250
vt 0.437500 0.562500
vt 0.406250 0.562500
vt 0.468750 0.531250
vt 0.468750 0.562500
vt 0.500000 0.531250
vt 0.500000 0.562500
vt 0.531250 0.531250
vt 0.531250 0.562500
vt 0.562500 0.531250
vt 0.562500 0.562500
vt 0.593750 0.531250
vt 0.593750 0.562500
vt 0.437500 0.593750
vt 0.406250 0.593750
vt 0.468750 0.593750
vt 0.500000 0.593750
vt 0.531250 0.593750
vt 0.562500 0.593750
vt 0.593750 0.593750
vt 0.437500 0.625000
vt 0.406250 0.625000
vt 0.468750 0.625000
vt 0.500000 0.625000
vt 0.531250 0.625000
vt 0.562500 0.625000
vt 0.593750 0.625000
vt 0.437500 0.656250
vt 0.406250 0.656250
vt 0.468750 0.656250
vt 0.500000 0.656250
vt 0.531250 0.656250
vt 0.562500 0.656250
vt 0.593750 0.656250
vt 0.437500 0.687500
vt 0.406250 0.687500
vt 0.468750 0.687500
vt 0.500000 0.687500
vt 0.531250 0.687500
vt 0.562500 0.687500
vt 0.593750 0.687500
vt 0.437500 0.718750
vt 0.406250 0.718750
vt 0.468750 0.718750
vt 0.500000 0.718750
vt 0.531250 0.718750
vt 0.562500 0.718750
vt 0.593750 0.718750
vt 0.375000 0.531250
vt 0.625000 0.531250
vt 0.625000 0.562500
vt 0.625000 0.593750
vt 0.625000 0.625000
vt 0.625000 0.656250
vt 0.625000 0.687500
vt 0.625000 0.718750
vt 0.625000 0.750000
vt 0.593750 0.750000
vt 0.562500 0.750000
vt 0.531250 0.750000
vt 0.500000 0.750000
vt 0.468750 0.750000
vt 0.437500 0.750000
vt 0.406250 0.750000
vt 0.375000 0.718750
vt 0.375000 0.750000
vt 0.375000 0.687500
vt 0.375000 0.656250
vt 0.375000 0.625000
vt 0.375000 0.593750
vt 0.375000 0.562500
vt 0.406250 0.781250
vt 0.437500 0.781250
vt 0.437500 0.812500
vt 0.406250 0.812500
vt 0.468750 0.781250
vt 0.468750 0.812500
vt 0.500000 0.781250
vt 0.500000 0.812500
vt 0.531250 0.781250
vt 0.531250 0.812500
vt 0.562500 0.781250
vt 0.562500 0.812500
vt 0.593750 0.781250
vt 0.593750 0.812500
vt 0.437500 0.843750
vt 0.406250 0.843750
vt 0.468750 0.843750
vt 0.500000 0.843750
vt 0.531250 0.843750
vt 0.562500 0.843750
vt 0.593750 0.843750
vt 0.437500 0.875000
vt 0.406250 0.875000
vt 0.468750 0.875000
vt 0.500000 0.875000
vt 0.531250 0.875000
vt 0.562500 0.875000
vt 0.593750 0.875000
vt 0.437500 0.906250
vt 0.406250 0.906250
vt 0.468750 0.906250
vt 0.500000 0.906250
vt 0.531250 0.906250
vt 0.562500 0.906250
vt 0.593750 0.906250
vt 0.437500 0.937500
vt 0.406250 0.937500
vt 0.468750 0.937500
vt 0.500000 0.937500
vt 0.531250 0.937500
vt 0.562500 0.937500
vt 0.593750 0.937500
vt 0.437500 0.968750
vt 0.406250 0.968750
vt 0.468750 0.968750
vt 0.500000 0.968750
vt 0.531250 0.968750
vt 0.562500 0.968750
vt 0.593750 0.968750
vt 0.375000 0.781250
vt 0.625000 0.781250
vt 0.625000 0.812500
vt 0.625000 0.843750
vt 0.625000 0.875000
vt 0.625000 0.906250
vt 0.625000 0.937500
vt 0.625000 0.968750
vt 0.625000 1.000000
vt 0.593750 1.000000
vt 0.562500 1.000000
vt 0.531250 1.000000
vt 0.500000 1.000000
vt 0.468750 1.000000
vt 0.437500 1.000000
vt 0.406250 1.000000
vt 0.375000 0.968750
vt 0.375000 1.000000
vt 0.375000 0.937500
vt 0.375000 0.906250
vt 0.375000 0.875000
vt 0.375000 0.843750
vt 0.375000 0.812500
vt 0.156250 0.531250
vt 0.187500 0.531250
vt 0.187500 0.562500
vt 0.156250 0.562500
vt 0.218750 0.531250
vt 0.218750 0.562500
vt 0.250000 0.531250
vt 0.250000 0.562500
vt 0.281250 0.531250
vt 0.281250 0.562500
vt 0.312500 0.531250
vt 0.312500 0.562500
vt 0.343750 0.531250
vt 0.343750 0.562500
vt 0.187500 0.593750
vt 0.156250 0.593750
vt 0.218750 0.593750
vt 0.250000 0.593750
vt 0.281250 0.593750
vt 0.312500 0.593750
vt 0.343750 0.593750
vt 0.187500 0.625000
vt 0.156250 0.625000
vt 0.218750 0.625000
vt 0.250000 0.625000
vt 0.281250 0.625000
vt 0.312500 0.625000
vt 0.343750 0.625000
vt 0.187500 0.656250
vt 0.156250 0.656250
vt 0.218750 0.656250
vt 0.250000 0.656250
vt 0.281250 0.656250
vt 0.312500 0.656250
vt 0.343750 0.656250
vt 0.187500 0.687500
vt 0.156250 0.687500
vt 0.218750 0.687500
vt 0.250000 0.687500
vt 0.281250 0.687500
vt 0.312500 0.687500
vt 0.343750 0.687500
vt 0.187500 0.718750
vt 0.156250 0.718750
vt 0.218750 0.718750
vt 0.250000 0.718750
vt 0.281250 0.718750
vt 0.312500 0.718750
vt 0.343750 0.718750
vt 0.125000 0.500000
vt 0.156250 0.500000
vt 0.125000 0.531250
vt 0.187500 0.500000
vt 0.218750 0.500000
vt 0.250000 0.500000
vt 0.281250 0.500000
vt 0.312500 0.500000
vt 0.343750 0.500000
vt 0.343750 0.750000
vt 0.312500 0.750000
vt 0.281250 0.750000
vt 0.250000 0.750000
vt 0.218750 0.750000
vt 0.187500 0.750000
vt 0.156250 0.750000
vt 0.125000 0.718750
vt 0.125000 0.750000
vt 0.125000 0.687500
vt 0.125000 0.656250
vt 0.125000 0.625000
vt 0.125000 0.593750
vt 0.125000 0.562500
vt 0.656250 0.531250
vt 0.687500 0.531250
vt 0.687500 0.562500
vt 0.656250 0.562500
vt 0.718750 0.531250
vt 0.718750 0.562500
vt 0.750000 0.531250
vt 0.750000 0.562500
vt 0.781250 0.531250
vt 0.781250 0.562500
vt 0.812500 0.531250
vt 0.812500 0.562500
vt 0.843750 0.531250
vt 0.843750 0.562500
vt 0.687500 0.593750
vt 0.656250 0.593750
vt 0.718750 0.593750
vt 0.750000 0.593750
vt 0.781250 0.593750
vt 0.812500 0.593750
vt 0.843750 0.593750
vt 0.687500 0.625000
vt 0.656250 0.625000
vt 0.718750 0.625000
vt 0.750000 0.625000
vt 0.781250 0.625000
vt 0.812500 0.625000
vt 0.843750 0.625000
vt 0.687500 0.656250
vt 0.656250 0.656250
vt 0.718750 0.656250
vt 0.750000 0.656250
vt 0.781250 0.656250
vt 0.812500 0.656250
vt 0.843750 0.656250
vt 0.687500 0.687500
vt 0.656250 0.687500
vt 0.718750 0.687500
vt 0.750000 0.687500
vt 0.781250 0.687500
vt 0.812500 0.687500
vt 0.843750 0.687500
vt 0.687500 0.718750
vt 0.656250 0.718750
vt 0.718750 0.718750
vt 0.750000 0.718750
vt 0.781250 0.718750
vt 0.812500 0.718750
vt 0.843750 0.718750
vt 0.656250 0.500000
vt 0.687500 0.500000
vt 0.718750 0.500000
vt 0.750000 0.500000
vt 0.781250 0.500000
vt 0.812500 0.500000
vt 0.843750 0.500000
vt 0.875000 0.500000
vt 0.875000 0.531250
vt 0.875000 0.562500
vt 0.875000 0.593750
vt 0.875000 0.625000
vt 0.875000 0.656250
vt 0.875000 0.687500
vt 0.875000 0.718750
vt 0.875000 0.750000
vt 0.843750 0.750000
vt 0.812500 0.750000
vt 0.781250 0.750000
vt 0.750000 0.750000
vt 0.718750 0.750000
vt 0.687500 0.750000
vt 0.656250 0.750000
s 1
usemtl Material.002
f 487/456/485 488/457/486 495/458/493 494/459/492
f 488/457/486 489/460/487 496/461/494 495/458/493
f 489/460/487 490/462/488 497/463/495 496/461/494
f 490/462/488 491/464/489 498/465/496 497/463/495
f 491/464/489 492/466/490 499/467/497 498/465/496
f 492/466/490 493/468/491 500/469/498 499/467/497
f 494/459/492 495/458/493 502/470/500 501/471/499
f 495/458/493 496/461/494 503/472/501 502/470/500
f 496/461/494 497/463/495 504/473/502 503/472/501
f 497/463/495 498/465/496 505/474/503 504/473/502
f 498/465/496 499/467/497 506/475/504 505/474/503
f 499/467/497 500/469/498 507/476/505 506/475/504
f 501/471/499 502/470/500 509/477/507 508/478/506
f 502/470/500 503/472/501 510/479/508 509/477/507
f 503/472/501 504/473/502 511/480/509 510/479/508
f 504/473/502 505/474/503 512/481/510 511/480/509
f 505/474/503 506/475/504 513/482/511 512/481/510
f 506/475/504 507/476/505 514/483/512 513/482/511
f 508/478/506 509/477/507 516/484/514 515/485/513
f 509/477/507 510/479/508 517/486/515 516/484/514
f 510/479/508 511/480/509 518/487/516 517/486/515
f 511/480/509 512/481/510 519/488/517 518/487/516
f 512/481/510 513/482/511 520/489/518 519/488/517
f 513/482/511 514/483/512 521/490/519 520/489/518
f 515/485/513 516/484/514 523/491/521 522/492/520
f 516/484/514 517/486/515 524/493/522 523/491/521
f 517/486/515 518/487/516 525/494/523 524/493/522
f 518/487/516 519/488/517 526/495/524 525/494/523
f 519/488/517 520/489/518 527/496/525 526/495/524
f 520/489/518 521/490/519 528/497/526 527/496/525
f 522/492/520 523/491/521 530/498/528 529/499/527
f 523/491/521 524/493/522 531/500/529 530/498/528
f 524/493/522 525/494/523 532/501/530 531/500/529
f 525/494/523 526/495/524 533/502/531 532/501/530
f 526/495/524 527/496/525 534/503/532 533/502/531
f 527/496/525 528/497/526 535/504/533 534/503/532
f 395/505/393 410/506/408 487/456/485 409/507/407
f 410/506/408 411/508/409 488/457/486 487/456/485
f 411/508/409 412/509/410 489/460/487 488/457/486
f 412/509/410 413/510/411 490/462/488 489/460/487
f 413/510/411 414/511/412 491/464/489 490/462/488
f 414/511/412 415/512/413 492/466/490 491/464/489
f 415/512/413 416/513/414 493/468/491 492/466/490
f 416/513/414 396/514/394 417/515/415 493/468/491
f 493/468/491 417/515/415 418/516/416 500/469/498
f 500/469/498 418/516/416 419/517/417 507/476/505
f 507/476/505 419/517/417 420/518/418 514/483/512
f 514/483/512 420/518/418 421/519/419 521/490/519
f 521/490/519 421/519/419 422/520/420 528/497/526
f 528/497/526 422/520/420 423/521/421 535/504/533
f 535/504/533 423/521/421 398/522/396 424/523/422
f 534/503/532 535/504/533 424/523/422 425/524/423
f 533/502/531 534/503/532 425/524/423 426/525/424
f 532/501/530 533/502/531 426/525/424 427/526/425
f 531/500/529 532/501/530 427/526/425 428/527/426
f 530/498/528 531/500/529 428/527/426 429/528/427
f 529/499/527 530/498/528 429/528/427 430/529/428
f 403/530/401 529/499/527 430/529/428 397/531/395
f 404/532/402 522/492/520 529/499/527 403/530/401
f 405/533/403 515/485/513 522/492/520 404/532/402
f 406/534/404 508/478/506 515/485/513 405/533/403
f 407/535/405 501/471/499 508/478/506 406/534/404
f 408/536/406 494/459/492 501/471/499 407/535/405
f 409/507/407 487/456/485 494/459/492 408/536/406
f 536/537/534 537/538/535 544/539/542 543/540/541
f 537/538/535 538/541/536 545/542/543 544/539/542
f 538/541/536 539/543/537 546/544/544 545/542/543
f 539/543/537 540/545/538 547/546/545 546/544/544
f 540/545/538 541/547/539 548/548/546 547/546/545
f 541/547/539 542/549/540 549/550/547 548/548/546
f 543/540/541 544/539/542 551/551/549 550/552/548
f 544/539/542 545/542/543 552/553/550 551/551/549
f 545/542/543 546/544/544 553/554/551 552/553/550
f 546/544/544 547/546/545 554/555/552 553/554/551
f 547/546/545 548/548/546 555/556/553 554/555/552
f 548/548/546 549/550/547 556/557/554 555/556/553
f 550/552/548 551/551/549 558/558/556 557/559/555
f 551/551/549 552/553/550 559/560/557 558/558/556
f 552/553/550 553/554/551 560/561/558 559/560/557
f 553/554/551 554/555/552 561/562/559 560/561/558
f 554/555/552 555/556/553 562/563/560 561/562/559
f 555/556/553 556/557/554 563/564/561 562/563/560
f 557/559/555 558/558/556 565/565/563 564/566/562
f 558/558/556 559/560/557 566/567/564 565/565/563
f 559/560/557 560/561/558 567/568/565 566/567/564
f 560/561/558 561/562/559 568/569/566 567/568/565
f 561/562/559 562/563/560 569/570/567 568/569/566
f 562/563/560 563/564/561 570/571/568 569/570/567
f 564/566/562 565/565/563 572/572/570 571/573/569
f 565/565/563 566/567/564 573/574/571 572/572/570
f 566/567/564 567/568/565 574/575/572 573/574/571
f 567/568/565 568/569/566 575/576/573 574/575/572
f 568/569/566 569/570/567 576/577/574 575/576/573
f 569/570/567 570/571/568 577/578/575 576/577/574
f 571/573/569 572/572/570 579/579/577 578/580/576
f 572/572/570 573/574/571 580/581/578 579/579/577
f 573/574/571 574/575/572 581/582/579 580/581/578
f 574/575/572 575/576/573 582/583/580 581/582/579
f 575/576/573 576/577/574 583/584/581 582/583/580
f 576/577/574 577/578/575 584/585/582 583/584/581
f 397/531/395 430/529/428 536/537/534 437/586/435
f 430/529/428 429/528/427 537/538/535 536/537/534
f 429/528/427 428/527/426 538/541/536 537/538/535
f 428/527/426 427/526/425 539/543/537 538/541/536
f 427/526/425 426/525/424 540/545/538 539/543/537
f 426/525/424 425/524/423 541/547/539 540/545/538
f 425/524/423 424/523/422 542/549/540 541/547/539
f 424/523/422 398/522/396 438/587/436 542/549/540
f 542/549/540 438/587/436 439/588/437 549/550/547
f 549/550/547 439/588/437 440/589/438 556/557/554
f 556/557/554 440/589/438 441/590/439 563/564/561
f 563/564/561 441/590/439 442/591/440 570/571/568
f 570/571/568 442/591/440 443/592/441 577/578/575
f 577/578/575 443/592/441 444/593/442 584/585/582
f 584/585/582 444/593/442 402/594/400 445/595/443
f 583/584/581 584/585/582 445/595/443 446/596/444
f 582/583/580 583/584/581 446/596/444 447/597/445
f 581/582/579 582/583/580 447/597/445 448/598/446
f 580/581/578 581/582/579 448/598/446 449/599/447
f 579/579/577 580/581/578 449/599/447 450/600/448
f 578/580/576 579/579/577 450/600/448 451/601/449
f 431/602/429 578/580/576 451/601/449 401/603/399
f 432/604/430 571/573/569 578/580/576 431/602/429
f 433/605/431 564/566/562 571/573/569 432/604/430
f 434/606/432 557/559/555 564/566/562 433/605/431
f 435/607/433 550/552/548 557/559/555 434/606/432
f 436/608/434 543/540/541 550/552/548 435/607/433
f 437/586/435 536/537/534 543/540/541 436/608/434
f 585/609/583 586/610/584 593/611/591 592/612/590
f 586/610/584 587/613/585 594/614/592 593/611/591
f 587/613/585 588/615/586 595/616/593 594/614/592
f 588/615/586 589/617/587 596/618/594 595/616/593
f 589/617/587 590/619/588 597/620/595 596/618/594
f 590/619/588 591/621/589 598/622/596 597/620/595
f 592/612/590 593/611/591 600/623/598 599/624/597
f 593/611/591 594/614/592 601/625/599 600/623/598
f 594/614/592 595/616/593 602/626/600 601/625/599
f 595/616/593 596/618/594 603/627/601 602/626/600
f 596/618/594 597/620/595 604/628/602 603/627/601
f 597/620/595 598/622/596 605/629/603 604/628/602
f 599/624/597 600/623/598 607/630/605 606/631/604
f 600/623/598 601/625/599 608/632/606 607/630/605
f 601/625/599 602/626/600 609/633/607 608/632/606
f 602/626/600 603/627/601 610/634/608 609/633/607
f 603/627/601 604/628/602 611/635/609 610/634/608
f 604/628/602 605/629/603 612/636/610 611/635/609
f 606/631/604 607/630/605 614/637/612 613/638/611
f 607/630/605 608/632/606 615/639/613 614/637/612
f 608/632/606 609/633/607 616/640/614 615/639/613
f 609/633/607 610/634/608 617/641/615 616/640/614
f 610/634/608 611/635/609 618/642/616 617/641/615
f 611/635/609 612/636/610 619/643/617 618/642/616
f 613/638/611 614/637/612 621/644/619 620/645/618
f 614/637/612 615/639/613 622/646/620 621/644/619
f 615/639/613 616/640/614 623/647/621 622/646/620
f 616/640/614 617/641/615 624/648/622 623/647/621
f 617/641/615 618/642/616 625/649/623 624/648/622
f 618/642/616 619/643/617 626/650/624 625/649/623
f 620/645/618 621/644/619 628/651/626 627/652/625
f 621/644/619 622/646/620 629/653/627 628/651/626
f 622/646/620 623/647/621 630/654/628 629/653/627
f 623/647/621 624/648/622 631/655/629 630/654/628
f 624/648/622 625/649/623 632/656/630 631/655/629
f 625/649/623 626/650/624 633/657/631 632/656/630
f 401/603/399 451/601/449 585/609/583 458/658/456
f 451/601/449 450/600/448 586/610/584 585/609/583
f 450/600/448 449/599/447 587/613/585 586/610/584
f 449/599/447 448/598/446 588/615/586 587/613/585
f 448/598/446 447/597/445 589/617/587 588/615/586
f 447/597/445 446/596/444 590/619/588 589/617/587
f 446/596/444 445/595/443 591/621/589 590/619/588
f 445/595/443 402/594/400 459/659/457 591/621/589
f 591/621/589 459/659/457 460/660/458 598/622/596
f 598/622/596 460/660/458 461/661/459 605/629/603
f 605/629/603 461/661/459 462/662/460 612/636/610
f 612/636/610 462/662/460 463/663/461 619/643/617
f 619/643/617 463/663/461 464/664/462 626/650/624
f 626/650/624 464/664/462 465/665/463 633/657/631
f 633/657/631 465/665/463 400/666/398 466/667/464
f 632/656/630 633/657/631 466/667/464 467/668/465
f 631/655/629 632/656/630 467/668/465 468/669/466
f 630/654/628 631/655/629 468/669/466 469/670/467
f 629/653/627 630/654/628 469/670/467 470/671/468
f 628/651/626 629/653/627 470/671/468 471/672/469
f 627/652/625 628/651/626 471/672/469 472/673/470
f 452/674/450 627/652/625 472/673/470 399/675/397
f 453/676/451 620/645/618 627/652/625 452/674/450
f 454/677/452 613/638/611 620/645/618 453/676/451
f 455/678/453 606/631/604 613/638/611 454/677/452
f 456/679/454 599/624/597 606/631/604 455/678/453
f 457/680/455 592/612/590 599/624/597 456/679/454
f 458/658/456 585/609/583 592/612/590 457/680/455
f 634/681/632 635/682/633 642/683/640 641/684/639
f 635/682/633 636/685/634 643/686/641 642/683/640
f 636/685/634 637/687/635 644/688/642 643/686/641
f 637/687/635 638/689/636 645/690/643 644/688/642
f 638/689/636 639/691/637 646/692/644 645/690/643
f 639/691/637 640/693/638 647/694/645 646/692/644
f 641/684/639 642/683/640 649/695/647 648/696/646
f 642/683/640 643/686/641 650/697/648 649/695/647
f 643/686/641 644/688/642 651/698/649 650/697/648
f 644/688/642 645/690/643 652/699/650 651/698/649
f 645/690/643 646/692/644 653/700/651 652/699/650
f 646/692/644 647/694/645 654/701/652 653/700/651
f 648/696/646 649/695/647 656/702/654 655/703/653
f 649/695/647 650/697/648 657/704/655 656/702/654
f 650/697/648 651/698/649 658/705/656 657/704/655
f 651/698/649 652/699/650 659/706/657 658/705/656
f 652/699/650 653/700/651 660/707/658 659/706/657
f 653/700/651 654/701/652 661/708/659 660/707/658
f 655/703/653 656/702/654 663/709/661 662/710/660
f 656/702/654 657/704/655 664/711/662 663/709/661
f 657/704/655 658/705/656 665/712/663 664/711/662
f 658/705/656 659/706/657 666/713/664 665/712/663
f 659/706/657 660/707/658 667/714/665 666/713/664
f 660/707/658 661/708/659 668/715/666 667/714/665
f 662/710/660 663/709/661 670/716/668 669/717/667
f 663/709/661 664/711/662 671/718/669 670/716/668
f 664/711/662 665/712/663 672/719/670 671/718/669
f 665/712/663 666/713/664 673/720/671 672/719/670
f 666/713/664 667/714/665 674/721/672 673/720/671
f 667/714/665 668/715/666 675/722/673 674/721/672
f 669/717/667 670/716/668 677/723/675 676/724/674
f 670/716/668 671/718/669 678/725/676 677/723/675
f 671/718/669 672/719/670 679/726/677 678/725/676
f 672/719/670 673/720/671 680/727/678 679/726/677
f 673/720/671 674/721/672 681/728/679 680/727/678
f 674/721/672 675/722/673 682/729/680 681/728/679
f 399/675/397 472/673/470 634/681/632 479/730/477
f 472/673/470 471/672/469 635/682/633 634/681/632
f 471/672/469 470/671/468 636/685/634 635/682/633
f 470/671/468 469/670/467 637/687/635 636/685/634
f 469/670/467 468/669/466 638/689/636 637/687/635
f 468/669/466 467/668/465 639/691/637 638/689/636
f 467/668/465 466/667/464 640/693/638 639/691/637
f 466/667/464 400/666/398 480/731/478 640/693/638
f 640/693/638 480/731/478 481/732/479 647/694/645
f 647/694/645 481/732/479 482/733/480 654/701/652
f 654/701/652 482/733/480 483/734/481 661/708/659
f 661/708/659 483/734/481 484/735/482 668/715/666
f 668/715/666 484/735/482 485/736/483 675/722/673
f 675/722/673 485/736/483 486/737/484 682/729/680
f 682/729/680 486/737/484 396/738/394 416/739/414
f 681/728/679 682/729/680 416/739/414 415/740/413
f 680/727/678 681/728/679 415/740/413 414/741/412
f 679/726/677 680/727/678 414/741/412 413/742/411
f 678/725/676 679/726/677 413/742/411 412/743/410
f 677/723/675 678/725/676 412/743/410 411/744/409
f 676/724/674 677/723/675 411/744/409 410/745/408
f 473/746/471 676/724/674 410/745/408 395/747/393
f 474/748/472 669/717/667 676/724/674 473/746/471
f 475/749/473 662/710/660 669/717/667 474/748/472
f 476/750/474 655/703/653 662/710/660 475/749/473
f 477/751/475 648/696/646 655/703/653 476/750/474
f 478/752/476 641/684/639 648/696/646 477/751/475
f 479/730/477 634/681/632 641/684/639 478/752/476
f 683/753/681 684/754/682 691/755/689 690/756/688
f 684/754/682 685/757/683 692/758/690 691/755/689
f 685/757/683 686/759/684 693/760/691 692/758/690
f 686/759/684 687/761/685 694/762/692 693/760/691
f 687/761/685 688/763/686 695/764/693 694/762/692
f 688/763/686 689/765/687 696/766/694 695/764/693
f 690/756/688 691/755/689 698/767/696 697/768/695
f 691/755/689 692/758/690 699/769/697 698/767/696
f 692/758/690 693/760/691 700/770/698 699/769/697
f 693/760/691 694/762/692 701/771/699 700/770/698
f 694/762/692 695/764/693 702/772/700 701/771/699
f 695/764/693 696/766/694 703/773/701 702/772/700
f 697/768/695 698/767/696 705/774/703 704/775/702
f 698/767/696 699/769/697 706/776/704 705/774/703
f 699/769/697 700/770/698 707/777/705 706/776/704
f 700/770/698 701/771/699 708/778/706 707/777/705
f 701/771/699 702/772/700 709/779/707 708/778/706
f 702/772/700 703/773/701 710/780/708 709/779/707
f 704/775/702 705/774/703 712/781/710 711/782/709
f 705/774/703 706/776/704 713/783/711 712/781/710
f 706/776/704 707/777/705 714/784/712 713/783/711
f 707/777/705 708/778/706 715/785/713 714/784/712
f 708/778/706 709/779/707 716/786/714 715/785/713
f 709/779/707 710/780/708 717/787/715 716/786/714
f 711/782/709 712/781/710 719/788/717 718/789/716
f 712/781/710 713/783/711 720/790/718 719/788/717
f 713/783/711 714/784/712 721/791/719 720/790/718
f 714/784/712 715/785/713 722/792/720 721/791/719
f 715/785/713 716/786/714 723/793/721 722/792/720
f 716/786/714 717/787/715 724/794/722 723/793/721
f 718/789/716 719/788/717 726/795/724 725/796/723
f 719/788/717 720/790/718 727/797/725 726/795/724
f 720/790/718 721/791/719 728/798/726 727/797/725
f 721/791/719 722/792/720 729/799/727 728/798/726
f 722/792/720 723/793/721 730/800/728 729/799/727
f 723/793/721 724/794/722 731/801/729 730/800/728
f 397/802/395 437/803/435 683/753/681 403/804/401
f 437/803/435 436/805/434 684/754/682 683/753/681
f 436/805/434 435/806/433 685/757/683 684/754/682
f 435/806/433 434/807/432 686/759/684 685/757/683
f 434/807/432 433/808/431 687/761/685 686/759/684
f 433/808/431 432/809/430 688/763/686 687/761/685
f 432/809/430 431/810/429 689/765/687 688/763/686
f 431/810/429 401/603/399 458/658/456 689/765/687
f 689/765/687 458/658/456 457/680/455 696/766/694
f 696/766/694 457/680/455 456/679/454 703/773/701
f 703/773/701 456/679/454 455/678/453 710/780/708
f 710/780/708 455/678/453 454/677/452 717/787/715
f 717/787/715 454/677/452 453/676/451 724/794/722
f 724/794/722 453/676/451 452/674/450 731/801/729
f 731/801/729 452/674/450 399/675/397 479/811/477
f 730/800/728 731/801/729 479/811/477 478/812/476
f 729/799/727 730/800/728 478/812/476 477/813/475
f 728/798/726 729/799/727 477/813/475 476/814/474
f 727/797/725 728/798/726 476/814/474 475/815/473
f 726/795/724 727/797/725 475/815/473 474/816/472
f 725/796/723 726/795/724 474/816/472 473/817/471
f 409/818/407 725/796/723 473/817/471 395/819/393
f 408/820/406 718/789/716 725/796/723 409/818/407
f 407/821/405 711/782/709 718/789/716 408/820/406
f 406/822/404 704/775/702 711/782/709 407/821/405
f 405/823/403 697/768/695 704/775/702 406/822/404
f 404/824/402 690/756/688 697/768/695 405/823/403
f 403/804/401 683/753/681 690/756/688 404/824/402
f 732/825/730 733/826/731 740/827/738 739/828/737
f 733/826/731 734/829/732 741/830/739 740/827/738
f 734/829/732 735/831/733 742/832/740 741/830/739
f 735/831/733 736/833/734 743/834/741 742/832/740
f 736/833/734 737/835/735 744/836/742 743/834/741
f 737/835/735 738/837/736 745/838/743 744/836/742
f 739/828/737 740/827/738 747/839/745 746/840/744
f 740/827/738 741/830/739 748/841/746 747/839/745
f 741/830/739 742/832/740 749/842/747 748/841/746
f 742/832/740 743/834/741 750/843/748 749/842/747
f 743/834/741 744/836/742 751/844/749 750/843/748
f 744/836/742 745/838/743 752/845/750 751/844/749
f 746/840/744 747/839/745 754/846/752 753/847/751
f 747/839/745 748/841/746 755/848/753 754/846/752
f 748/841/746 749/842/747 756/849/754 755/848/753
f 749/842/747 750/843/748 757/850/755 756/849/754
f 750/843/748 751/844/749 758/851/756 757/850/755
f 751/844/749 752/845/750 759/852/757 758/851/756
f 753/847/751 754/846/752 761/853/759 760/854/758
f 754/846/752 755/848/753 762/855/760 761/853/759
f 755/848/753 756/849/754 763/856/761 762/855/760
f 756/849/754 757/850/755 764/857/762 763/856/761
f 757/850/755 758/851/756 765/858/763 764/857/762
f 758/851/756 759/852/757 766/859/764 765/858/763
f 760/854/758 761/853/759 768/860/766 767/861/765
f 761/853/759 762/855/760 769/862/767 768/860/766
f 762/855/760 763/856/761 770/863/768 769/862/767
f 763/856/761 764/857/762 771/864/769 770/863/768
f 764/857/762 765/858/763 772/865/770 771/864/769
f 765/858/763 766/859/764 773/866/771 772/865/770
f 767/861/765 768/860/766 775/867/773 774/868/772
f 768/860/766 769/862/767 776/869/774 775/867/773
f 769/862/767 770/863/768 777/870/775 776/869/774
f 770/863/768 771/864/769 778/871/776 777/870/775
f 771/864/769 772/865/770 779/872/777 778/871/776
f 772/865/770 773/866/771 780/873/778 779/872/777
f 402/594/400 444/874/442 732/825/730 459/659/457
f 444/874/442 443/875/441 733/826/731 732/825/730
f 443/875/441 442/876/440 734/829/732 733/826/731
f 442/876/440 441/877/439 735/831/733 734/829/732
f 441/877/439 440/878/438 736/833/734 735/831/733
f 440/878/438 439/879/437 737/835/735 736/833/734
f 439/879/437 438/880/436 738/837/736 737/835/735
f 438/880/436 398/881/396 423/882/421 738/837/736
f 738/837/736 423/882/421 422/883/420 745/838/743
f 745/838/743 422/883/420 421/884/419 752/845/750
f 752/845/750 421/884/419 420/885/418 759/852/757
f 759/852/757 420/885/418 419/886/417 766/859/764
f 766/859/764 419/886/417 418/887/416 773/866/771
f 773/866/771 418/887/416 417/888/415 780/873/778
f 780/873/778 417/888/415 396/889/394 486/890/484
f 779/872/777 780/873/778 486/890/484 485/891/483
f 778/871/776 779/872/777 485/891/483 484/892/482
f 777/870/775 778/871/776 484/892/482 483/893/481
f 776/869/774 777/870/775 483/893/481 482/894/480
f 775/867/773 776/869/774 482/894/480 481/895/479
f 774/868/772 775/867/773 481/895/479 480/896/478
f 465/665/463 774/868/772 480/896/478 400/666/398
f 464/664/462 767/861/765 774/868/772 465/665/463
f 463/663/461 760/854/758 767/861/765 464/664/462
f 462/662/460 753/847/751 760/854/758 463/663/461
f 461/661/459 746/840/744 753/847/751 462/662/460
f 460/660/458 739/828/737 746/840/744 461/661/459
f 459/659/457 732/825/730 739/828/737 460/660/458
